dgp,model_key,model,weight,mo_nll,mo_prob_mse,mo_prob_mae,seed,decision_regret
objective_specific_noise,standard,Standard scalarized BT,"(1.00,0.00,0.00)",0.5988546525732571,0.003954590402509497,0.04907368780905272,0,
objective_specific_noise,standard,Standard scalarized BT,"(0.00,1.00,0.00)",0.7375152010323758,0.04760507410455381,0.1750062183840337,0,
objective_specific_noise,standard,Standard scalarized BT,"(0.00,0.00,1.00)",0.6481398577543904,0.019281562405108997,0.10947652387248126,0,
objective_specific_noise,standard,Standard scalarized BT,"(0.50,0.50,0.00)",0.7084424039021933,0.018156958131700977,0.10859947672770777,0,
objective_specific_noise,standard,Standard scalarized BT,"(0.50,0.00,0.50)",0.6484777510917101,0.006663555291795069,0.06485974598577207,0,
objective_specific_noise,standard,Standard scalarized BT,"(0.00,0.50,0.50)",0.6940244401878783,0.02068928197928149,0.1157259972230067,0,
objective_specific_noise,standard,Standard scalarized BT,"(0.33,0.33,0.33)",0.6856279782890843,0.010949486131397982,0.08406672158808601,0,
objective_specific_noise,standard,Standard scalarized BT,"(0.20,0.60,0.20)",0.711848128818861,0.02399910971380829,0.1255539190383813,0,
objective_specific_noise,standard,Standard scalarized BT,"(0.60,0.30,0.10)",0.6772947102264981,0.008263252747771292,0.07234761398328074,0,
objective_specific_noise,shared_precision,Shared-precision BT,"(1.00,0.00,0.00)",0.602314661255648,0.004443642245519871,0.05460403674430042,0,
objective_specific_noise,shared_precision,Shared-precision BT,"(0.00,1.00,0.00)",0.6896567382801045,0.03592351833701574,0.1500621602413104,0,
objective_specific_noise,shared_precision,Shared-precision BT,"(0.00,0.00,1.00)",0.6345519298023955,0.014983634755734724,0.09644563978711151,0,
objective_specific_noise,shared_precision,Shared-precision BT,"(0.50,0.50,0.00)",0.6910821288629012,0.012327224136719559,0.08901810828650289,0,
objective_specific_noise,shared_precision,Shared-precision BT,"(0.50,0.00,0.50)",0.6450464640854966,0.005618701749963914,0.060009527900561445,0,
objective_specific_noise,shared_precision,Shared-precision BT,"(0.00,0.50,0.50)",0.6748934359018787,0.014872927330157484,0.09718275268117024,0,
objective_specific_noise,shared_precision,Shared-precision BT,"(0.33,0.33,0.33)",0.6766835035324116,0.007647078992484387,0.0695934566760884,0,
objective_specific_noise,shared_precision,Shared-precision BT,"(0.20,0.60,0.20)",0.6896850452681602,0.01652928115705725,0.10289144267446673,0,
objective_specific_noise,shared_precision,Shared-precision BT,"(0.60,0.30,0.10)",0.6707141268522391,0.006105229000977178,0.06240432458704437,0,
objective_specific_noise,pcma_normalized,PCMA-normalized scalarization,"(1.00,0.00,0.00)",0.5988546525732571,0.003954590402509497,0.04907368780905272,0,
objective_specific_noise,pcma_normalized,PCMA-normalized scalarization,"(0.00,1.00,0.00)",0.7375152010323758,0.04760507410455381,0.1750062183840337,0,
objective_specific_noise,pcma_normalized,PCMA-normalized scalarization,"(0.00,0.00,1.00)",0.6481398577543904,0.019281562405108997,0.10947652387248126,0,
objective_specific_noise,pcma_normalized,PCMA-normalized scalarization,"(0.50,0.50,0.00)",0.6947045702498437,0.01379682684395309,0.0943915306965498,0,
objective_specific_noise,pcma_normalized,PCMA-normalized scalarization,"(0.50,0.00,0.50)",0.6476178356013591,0.006021461227875252,0.061527499081154645,0,
objective_specific_noise,pcma_normalized,PCMA-normalized scalarization,"(0.00,0.50,0.50)",0.6898501069146596,0.01875238159764161,0.11029032372161336,0,
objective_specific_noise,pcma_normalized,PCMA-normalized scalarization,"(0.33,0.33,0.33)",0.6782095557004543,0.008931716131468714,0.07547074334574928,0,
objective_specific_noise,pcma_normalized,PCMA-normalized scalarization,"(0.20,0.60,0.20)",0.7000363830667882,0.01946892027542554,0.1121650719668379,0,
objective_specific_noise,pcma_normalized,PCMA-normalized scalarization,"(0.60,0.30,0.10)",0.6710027414810618,0.006571666604001674,0.064987518148716,0,
objective_specific_noise,confidence_preserving_pcma,Confidence-preserving PCMA,"(1.00,0.00,0.00)",0.5988759895671968,0.003968636779889708,0.0491658239872839,0,
objective_specific_noise,confidence_preserving_pcma,Confidence-preserving PCMA,"(0.00,1.00,0.00)",0.6681970603024683,0.029479992146500808,0.13660795203453216,0,
objective_specific_noise,confidence_preserving_pcma,Confidence-preserving PCMA,"(0.00,0.00,1.00)",0.6365560129775759,0.015682916928965965,0.09836892388787473,0,
objective_specific_noise,confidence_preserving_pcma,Confidence-preserving PCMA,"(0.50,0.50,0.00)",0.6840495223001831,0.010022551131422993,0.07995505504696467,0,
objective_specific_noise,confidence_preserving_pcma,Confidence-preserving PCMA,"(0.50,0.00,0.50)",0.6454797628400722,0.0053497287291461955,0.057851374179232445,0,
objective_specific_noise,confidence_preserving_pcma,Confidence-preserving PCMA,"(0.00,0.50,0.50)",0.6702787406316698,0.01286729052112361,0.09037877566048641,0,
objective_specific_noise,confidence_preserving_pcma,Confidence-preserving PCMA,"(0.33,0.33,0.33)",0.6724832838356489,0.006615655873814396,0.06454455285028571,0,
objective_specific_noise,confidence_preserving_pcma,Confidence-preserving PCMA,"(0.20,0.60,0.20)",0.6832395098180043,0.0135701429552139,0.09299780223584492,0,
objective_specific_noise,confidence_preserving_pcma,Confidence-preserving PCMA,"(0.60,0.30,0.10)",0.666581576229236,0.004974395866237188,0.055919896303651295,0,
objective_specific_noise,oracle,Oracle latent utility,"(1.00,0.00,0.00)",0.5909581326137014,0.0,0.0,0,
objective_specific_noise,oracle,Oracle latent utility,"(0.00,1.00,0.00)",0.6015709520544833,0.0,0.0,0,
objective_specific_noise,oracle,Oracle latent utility,"(0.00,0.00,1.00)",0.6018922927417196,0.0,0.0,0,
objective_specific_noise,oracle,Oracle latent utility,"(0.50,0.50,0.00)",0.6620695414119849,0.0,0.0,0,
objective_specific_noise,oracle,Oracle latent utility,"(0.50,0.00,0.50)",0.6338204535956307,0.0,0.0,0,
objective_specific_noise,oracle,Oracle latent utility,"(0.00,0.50,0.50)",0.6399565845279513,0.0,0.0,0,
objective_specific_noise,oracle,Oracle latent utility,"(0.33,0.33,0.33)",0.6611908227467187,0.0,0.0,0,
objective_specific_noise,oracle,Oracle latent utility,"(0.20,0.60,0.20)",0.6526080744995013,0.0,0.0,0,
objective_specific_noise,oracle,Oracle latent utility,"(0.60,0.30,0.10)",0.655237517815871,0.0,0.0,0,
objective_specific_noise,standard,Standard scalarized BT,"(1.00,0.00,0.00)",0.6164717082856558,0.004018749781718964,0.04974362771930237,1,
objective_specific_noise,standard,Standard scalarized BT,"(0.00,1.00,0.00)",0.7299323695555421,0.046817560202334275,0.17369280126054504,1,
objective_specific_noise,standard,Standard scalarized BT,"(0.00,0.00,1.00)",0.6485411274496536,0.019242488756347712,0.10997784370951319,1,
objective_specific_noise,standard,Standard scalarized BT,"(0.50,0.50,0.00)",0.7007850584123415,0.018215993663555505,0.1089826364193824,1,
objective_specific_noise,standard,Standard scalarized BT,"(0.50,0.00,0.50)",0.6430584597496343,0.006854173504598348,0.06591159793612217,1,
objective_specific_noise,standard,Standard scalarized BT,"(0.00,0.50,0.50)",0.6851152506341232,0.021075123809153298,0.11636221290376207,1,
objective_specific_noise,standard,Standard scalarized BT,"(0.33,0.33,0.33)",0.6787020275932059,0.011374643337288125,0.08575163615187498,1,
objective_specific_noise,standard,Standard scalarized BT,"(0.20,0.60,0.20)",0.701510264376327,0.024107380446857927,0.12562044021556412,1,
objective_specific_noise,standard,Standard scalarized BT,"(0.60,0.30,0.10)",0.6745460758454264,0.008478671164795058,0.07381783876856778,1,
objective_specific_noise,shared_precision,Shared-precision BT,"(1.00,0.00,0.00)",0.6165905514538641,0.004703995826042287,0.0565350403117716,1,
objective_specific_noise,shared_precision,Shared-precision BT,"(0.00,1.00,0.00)",0.6826507820496563,0.03452984296064774,0.14727090918821137,1,
objective_specific_noise,shared_precision,Shared-precision BT,"(0.00,0.00,1.00)",0.6334331973259534,0.014740544379929608,0.09630430158672205,1,
objective_specific_noise,shared_precision,Shared-precision BT,"(0.50,0.50,0.00)",0.6850896435401724,0.012206322465375886,0.08802887056286304,1,
objective_specific_noise,shared_precision,Shared-precision BT,"(0.50,0.00,0.50)",0.6411703404687313,0.005841309727807844,0.061553177548549956,1,
objective_specific_noise,shared_precision,Shared-precision BT,"(0.00,0.50,0.50)",0.6673334912609816,0.01484168246726535,0.09692594706361467,1,
objective_specific_noise,shared_precision,Shared-precision BT,"(0.33,0.33,0.33)",0.6713006281159816,0.007900298889202342,0.07099988735526236,1,
objective_specific_noise,shared_precision,Shared-precision BT,"(0.20,0.60,0.20)",0.6813361842199098,0.016242258441958743,0.10157550613935229,1,
objective_specific_noise,shared_precision,Shared-precision BT,"(0.60,0.30,0.10)",0.6688897834892461,0.006340293860486851,0.06372230168149981,1,
objective_specific_noise,pcma_normalized,PCMA-normalized scalarization,"(1.00,0.00,0.00)",0.6164717082856558,0.004018749781718964,0.04974362771930237,1,
objective_specific_noise,pcma_normalized,PCMA-normalized scalarization,"(0.00,1.00,0.00)",0.7299323695555421,0.046817560202334275,0.17369280126054504,1,
objective_specific_noise,pcma_normalized,PCMA-normalized scalarization,"(0.00,0.00,1.00)",0.6485411274496536,0.019242488756347712,0.10997784370951319,1,
objective_specific_noise,pcma_normalized,PCMA-normalized scalarization,"(0.50,0.50,0.00)",0.6868678757073509,0.013430448952223974,0.09372710698808312,1,
objective_specific_noise,pcma_normalized,PCMA-normalized scalarization,"(0.50,0.00,0.50)",0.6413947689155273,0.006124904288124002,0.062243778245151135,1,
objective_specific_noise,pcma_normalized,PCMA-normalized scalarization,"(0.00,0.50,0.50)",0.6800028703480846,0.019044482900744807,0.11083990488072527,1,
objective_specific_noise,pcma_normalized,PCMA-normalized scalarization,"(0.33,0.33,0.33)",0.6768346429450188,0.009003575826847217,0.07645437005433865,1,
objective_specific_noise,pcma_normalized,PCMA-normalized scalarization,"(0.20,0.60,0.20)",0.6873605071140968,0.019344798866247872,0.1118391543987721,1,
objective_specific_noise,pcma_normalized,PCMA-normalized scalarization,"(0.60,0.30,0.10)",0.6673811338576111,0.006569772189107184,0.06539306770493052,1,
objective_specific_noise,confidence_preserving_pcma,Confidence-preserving PCMA,"(1.00,0.00,0.00)",0.616328552846607,0.003986153030128361,0.0495482172525298,1,
objective_specific_noise,confidence_preserving_pcma,Confidence-preserving PCMA,"(0.00,1.00,0.00)",0.6642158065199792,0.028480462189119815,0.13407468319765403,1,
objective_specific_noise,confidence_preserving_pcma,Confidence-preserving PCMA,"(0.00,0.00,1.00)",0.6347286933294009,0.015160400923342641,0.09741652740161931,1,
objective_specific_noise,confidence_preserving_pcma,Confidence-preserving PCMA,"(0.50,0.50,0.00)",0.6779954281209899,0.009725983664892118,0.07915872344228649,1,
objective_specific_noise,confidence_preserving_pcma,Confidence-preserving PCMA,"(0.50,0.00,0.50)",0.639745893476554,0.005383229567657805,0.058178202815769554,1,
objective_specific_noise,confidence_preserving_pcma,Confidence-preserving PCMA,"(0.00,0.50,0.50)",0.6624199795321083,0.012678884597095787,0.09011735771585012,1,
objective_specific_noise,confidence_preserving_pcma,Confidence-preserving PCMA,"(0.33,0.33,0.33)",0.6712136766568144,0.0066259055759375005,0.06519830050205944,1,
objective_specific_noise,confidence_preserving_pcma,Confidence-preserving PCMA,"(0.20,0.60,0.20)",0.6740740542740332,0.013244922488631329,0.09200981946563937,1,
objective_specific_noise,confidence_preserving_pcma,Confidence-preserving PCMA,"(0.60,0.30,0.10)",0.6635621127270759,0.004963468989569638,0.05623290612323624,1,
objective_specific_noise,oracle,Oracle latent utility,"(1.00,0.00,0.00)",0.6072659953211478,0.0,0.0,1,
objective_specific_noise,oracle,Oracle latent utility,"(0.00,1.00,0.00)",0.5954224575826691,0.0,0.0,1,
objective_specific_noise,oracle,Oracle latent utility,"(0.00,0.00,1.00)",0.5965466896404203,0.0,0.0,1,
objective_specific_noise,oracle,Oracle latent utility,"(0.50,0.50,0.00)",0.6547691978926452,0.0,0.0,1,
objective_specific_noise,oracle,Oracle latent utility,"(0.50,0.00,0.50)",0.6271377092331694,0.0,0.0,1,
objective_specific_noise,oracle,Oracle latent utility,"(0.00,0.50,0.50)",0.6297425200018768,0.0,0.0,1,
objective_specific_noise,oracle,Oracle latent utility,"(0.33,0.33,0.33)",0.6564139321014298,0.0,0.0,1,
objective_specific_noise,oracle,Oracle latent utility,"(0.20,0.60,0.20)",0.6490840213538313,0.0,0.0,1,
objective_specific_noise,oracle,Oracle latent utility,"(0.60,0.30,0.10)",0.6520732069360314,0.0,0.0,1,
objective_specific_noise,standard,Standard scalarized BT,"(1.00,0.00,0.00)",0.6092099903465346,0.0038804778001930024,0.048812407848552175,2,
objective_specific_noise,standard,Standard scalarized BT,"(0.00,1.00,0.00)",0.7377349259610874,0.04854662219941888,0.17662525902629836,2,
objective_specific_noise,standard,Standard scalarized BT,"(0.00,0.00,1.00)",0.644761809183329,0.019692514232141432,0.11073029251388568,2,
objective_specific_noise,standard,Standard scalarized BT,"(0.50,0.50,0.00)",0.7059484284282157,0.018927477235476064,0.11089674906946213,2,
objective_specific_noise,standard,Standard scalarized BT,"(0.50,0.00,0.50)",0.6513247610305298,0.006825235548138032,0.06576686847813547,2,
objective_specific_noise,standard,Standard scalarized BT,"(0.00,0.50,0.50)",0.6837900712106062,0.021352834334517574,0.11641357958932518,2,
objective_specific_noise,standard,Standard scalarized BT,"(0.33,0.33,0.33)",0.6845187736819869,0.01144222668567064,0.08535624810668921,2,
objective_specific_noise,standard,Standard scalarized BT,"(0.20,0.60,0.20)",0.7076308902178418,0.02487288389863999,0.12714360171351038,2,
objective_specific_noise,standard,Standard scalarized BT,"(0.60,0.30,0.10)",0.6786907354021481,0.00865840268035175,0.07416863648648418,2,
objective_specific_noise,shared_precision,Shared-precision BT,"(1.00,0.00,0.00)",0.6098228209525023,0.004144554172602305,0.05205893721147377,2,
objective_specific_noise,shared_precision,Shared-precision BT,"(0.00,1.00,0.00)",0.693229034094438,0.037529079937632784,0.1530275764891872,2,
objective_specific_noise,shared_precision,Shared-precision BT,"(0.00,0.00,1.00)",0.6325478948064382,0.015605949927973066,0.09873052233096662,2,
objective_specific_noise,shared_precision,Shared-precision BT,"(0.50,0.50,0.00)",0.6904964157843451,0.0132817542521868,0.09168764009149062,2,
objective_specific_noise,shared_precision,Shared-precision BT,"(0.50,0.00,0.50)",0.6475531169124285,0.005836585697898821,0.06115456182169627,2,
objective_specific_noise,shared_precision,Shared-precision BT,"(0.00,0.50,0.50)",0.6683033162460887,0.015731221484743672,0.0988212400397967,2,
objective_specific_noise,shared_precision,Shared-precision BT,"(0.33,0.33,0.33)",0.6765810093528111,0.008296437093206205,0.07200323765992693,2,
objective_specific_noise,shared_precision,Shared-precision BT,"(0.20,0.60,0.20)",0.6880309735519637,0.01769268252216031,0.10576384788560417,2,
objective_specific_noise,shared_precision,Shared-precision BT,"(0.60,0.30,0.10)",0.6723712056820911,0.006521454841168021,0.06381840192792931,2,
objective_specific_noise,pcma_normalized,PCMA-normalized scalarization,"(1.00,0.00,0.00)",0.6092099903465346,0.0038804778001930024,0.048812407848552175,2,
objective_specific_noise,pcma_normalized,PCMA-normalized scalarization,"(0.00,1.00,0.00)",0.7377349259610874,0.04854662219941888,0.17662525902629836,2,
objective_specific_noise,pcma_normalized,PCMA-normalized scalarization,"(0.00,0.00,1.00)",0.644761809183329,0.019692514232141432,0.11073029251388568,2,
objective_specific_noise,pcma_normalized,PCMA-normalized scalarization,"(0.50,0.50,0.00)",0.6955606463727854,0.01479159336518283,0.09818237794494045,2,
objective_specific_noise,pcma_normalized,PCMA-normalized scalarization,"(0.50,0.00,0.50)",0.6501746340681698,0.0063541050927523254,0.063431612494965,2,
objective_specific_noise,pcma_normalized,PCMA-normalized scalarization,"(0.00,0.50,0.50)",0.6783574271447386,0.019409932163632647,0.11061336282807296,2,
objective_specific_noise,pcma_normalized,PCMA-normalized scalarization,"(0.33,0.33,0.33)",0.6807947851763622,0.009394035276442477,0.07714780228506533,2,
objective_specific_noise,pcma_normalized,PCMA-normalized scalarization,"(0.20,0.60,0.20)",0.6973424980960435,0.02100466046994588,0.11618434778593768,2,
objective_specific_noise,pcma_normalized,PCMA-normalized scalarization,"(0.60,0.30,0.10)",0.6761387916901159,0.006809748911943302,0.06612617174468369,2,
objective_specific_noise,confidence_preserving_pcma,Confidence-preserving PCMA,"(1.00,0.00,0.00)",0.6085006713790506,0.0036543531335409313,0.04734743707328931,2,
objective_specific_noise,confidence_preserving_pcma,Confidence-preserving PCMA,"(0.00,1.00,0.00)",0.6746012374248037,0.03194670365500805,0.14099217414189205,2,
objective_specific_noise,confidence_preserving_pcma,Confidence-preserving PCMA,"(0.00,0.00,1.00)",0.6344932103010259,0.016335922171777543,0.10061001421859841,2,
objective_specific_noise,confidence_preserving_pcma,Confidence-preserving PCMA,"(0.50,0.50,0.00)",0.6846425411195544,0.01071078778489792,0.08262933762999142,2,
objective_specific_noise,confidence_preserving_pcma,Confidence-preserving PCMA,"(0.50,0.00,0.50)",0.6475913777651416,0.005616537415229896,0.059633687470248546,2,
objective_specific_noise,confidence_preserving_pcma,Confidence-preserving PCMA,"(0.00,0.50,0.50)",0.6634153713142578,0.013765038162406922,0.0924406228716762,2,
objective_specific_noise,confidence_preserving_pcma,Confidence-preserving PCMA,"(0.33,0.33,0.33)",0.6748189417093752,0.007092748608853415,0.06668500528597274,2,
objective_specific_noise,confidence_preserving_pcma,Confidence-preserving PCMA,"(0.20,0.60,0.20)",0.681311213581126,0.01469746612547225,0.09627572732676672,2,
objective_specific_noise,confidence_preserving_pcma,Confidence-preserving PCMA,"(0.60,0.30,0.10)",0.6710939168042475,0.005197311458223157,0.05722213962879457,2,
objective_specific_noise,oracle,Oracle latent utility,"(1.00,0.00,0.00)",0.6000293934133877,0.0,0.0,2,
objective_specific_noise,oracle,Oracle latent utility,"(0.00,1.00,0.00)",0.5956976526648644,0.0,0.0,2,
objective_specific_noise,oracle,Oracle latent utility,"(0.00,0.00,1.00)",0.5971304423746683,0.0,0.0,2,
objective_specific_noise,oracle,Oracle latent utility,"(0.50,0.50,0.00)",0.6621352242325497,0.0,0.0,2,
objective_specific_noise,oracle,Oracle latent utility,"(0.50,0.00,0.50)",0.6377293355223397,0.0,0.0,2,
objective_specific_noise,oracle,Oracle latent utility,"(0.00,0.50,0.50)",0.6286507117060449,0.0,0.0,2,
objective_specific_noise,oracle,Oracle latent utility,"(0.33,0.33,0.33)",0.6607974366817382,0.0,0.0,2,
objective_specific_noise,oracle,Oracle latent utility,"(0.20,0.60,0.20)",0.6499900815953595,0.0,0.0,2,
objective_specific_noise,oracle,Oracle latent utility,"(0.60,0.30,0.10)",0.6593169014968797,0.0,0.0,2,
objective_specific_noise,standard,Standard scalarized BT,"(1.00,0.00,0.00)",0.6096358042698597,0.003972174242912756,0.049367291940623295,3,
objective_specific_noise,standard,Standard scalarized BT,"(0.00,1.00,0.00)",0.7346472124424052,0.047429850748011745,0.17566308420512483,3,
objective_specific_noise,standard,Standard scalarized BT,"(0.00,0.00,1.00)",0.6548137863235434,0.01980707126624709,0.11130231978568676,3,
objective_specific_noise,standard,Standard scalarized BT,"(0.50,0.50,0.00)",0.6945528424120673,0.018613326843140068,0.11053349172239123,3,
objective_specific_noise,standard,Standard scalarized BT,"(0.50,0.00,0.50)",0.6522515500626349,0.007031308977616695,0.0666381334720267,3,
objective_specific_noise,standard,Standard scalarized BT,"(0.00,0.50,0.50)",0.6982319146598109,0.021457774088860578,0.11778702926723067,3,
objective_specific_noise,standard,Standard scalarized BT,"(0.33,0.33,0.33)",0.6681760240785687,0.011696268370933769,0.08686161029044065,3,
objective_specific_noise,standard,Standard scalarized BT,"(0.20,0.60,0.20)",0.7103309271135917,0.02449038403988856,0.12718739214677957,3,
objective_specific_noise,standard,Standard scalarized BT,"(0.60,0.30,0.10)",0.6718252144189785,0.00869473641411073,0.07455023310273896,3,
objective_specific_noise,shared_precision,Shared-precision BT,"(1.00,0.00,0.00)",0.6116514414290753,0.004676976519134857,0.05602847593120815,3,
objective_specific_noise,shared_precision,Shared-precision BT,"(0.00,1.00,0.00)",0.6841578871097594,0.0347142954606827,0.14797609164562522,3,
objective_specific_noise,shared_precision,Shared-precision BT,"(0.00,0.00,1.00)",0.6385095825564555,0.01507647243999902,0.09710188311928898,3,
objective_specific_noise,shared_precision,Shared-precision BT,"(0.50,0.50,0.00)",0.6797342080977499,0.01216818975208478,0.08833339783233404,3,
objective_specific_noise,shared_precision,Shared-precision BT,"(0.50,0.00,0.50)",0.6483937539846907,0.005900999524090915,0.06156315633254858,3,
objective_specific_noise,shared_precision,Shared-precision BT,"(0.00,0.50,0.50)",0.6758403584786039,0.015068474014527152,0.09791345694087986,3,
objective_specific_noise,shared_precision,Shared-precision BT,"(0.33,0.33,0.33)",0.6632297047154485,0.007966545809847002,0.07108119879299807,3,
objective_specific_noise,shared_precision,Shared-precision BT,"(0.20,0.60,0.20)",0.6865773582264929,0.016341926825156373,0.1023142745551486,3,
objective_specific_noise,shared_precision,Shared-precision BT,"(0.60,0.30,0.10)",0.6665675449335667,0.00628602144432951,0.06331646208785485,3,
objective_specific_noise,pcma_normalized,PCMA-normalized scalarization,"(1.00,0.00,0.00)",0.6096358042698597,0.003972174242912756,0.049367291940623295,3,
objective_specific_noise,pcma_normalized,PCMA-normalized scalarization,"(0.00,1.00,0.00)",0.7346472124424052,0.047429850748011745,0.17566308420512483,3,
objective_specific_noise,pcma_normalized,PCMA-normalized scalarization,"(0.00,0.00,1.00)",0.6548137863235434,0.01980707126624709,0.11130231978568676,3,
objective_specific_noise,pcma_normalized,PCMA-normalized scalarization,"(0.50,0.50,0.00)",0.6865175816550901,0.014388328550519842,0.09681387086709413,3,
objective_specific_noise,pcma_normalized,PCMA-normalized scalarization,"(0.50,0.00,0.50)",0.6499876383987275,0.006179603483820643,0.06213136967741061,3,
objective_specific_noise,pcma_normalized,PCMA-normalized scalarization,"(0.00,0.50,0.50)",0.6960193042032705,0.02088772744151396,0.11611566748942655,3,
objective_specific_noise,pcma_normalized,PCMA-normalized scalarization,"(0.33,0.33,0.33)",0.6645979421392227,0.009875024013384045,0.07984865180266712,3,
objective_specific_noise,pcma_normalized,PCMA-normalized scalarization,"(0.20,0.60,0.20)",0.7013901046514944,0.02161504758224558,0.11888034321275343,3,
objective_specific_noise,pcma_normalized,PCMA-normalized scalarization,"(0.60,0.30,0.10)",0.6680189929359109,0.006973790374997503,0.06699526954865931,3,
objective_specific_noise,confidence_preserving_pcma,Confidence-preserving PCMA,"(1.00,0.00,0.00)",0.6091572628353952,0.003809276002563981,0.04821166202751983,3,
objective_specific_noise,confidence_preserving_pcma,Confidence-preserving PCMA,"(0.00,1.00,0.00)",0.6721531616378896,0.031045634879898774,0.13974724007372022,3,
objective_specific_noise,confidence_preserving_pcma,Confidence-preserving PCMA,"(0.00,0.00,1.00)",0.6373513497572234,0.014725173575803292,0.09653028033589928,3,
objective_specific_noise,confidence_preserving_pcma,Confidence-preserving PCMA,"(0.50,0.50,0.00)",0.6776907389456591,0.010539035944416752,0.08220366841854233,3,
objective_specific_noise,confidence_preserving_pcma,Confidence-preserving PCMA,"(0.50,0.00,0.50)",0.6469894618737583,0.005255464522607237,0.05724292255923436,3,
objective_specific_noise,confidence_preserving_pcma,Confidence-preserving PCMA,"(0.00,0.50,0.50)",0.6711485632071044,0.013725423201874032,0.0936105099158634,3,
objective_specific_noise,confidence_preserving_pcma,Confidence-preserving PCMA,"(0.33,0.33,0.33)",0.6616184369731359,0.007168008724946447,0.06767175597889862,3,
objective_specific_noise,confidence_preserving_pcma,Confidence-preserving PCMA,"(0.20,0.60,0.20)",0.6821090432209119,0.014622395422311144,0.09669268622948222,3,
objective_specific_noise,confidence_preserving_pcma,Confidence-preserving PCMA,"(0.60,0.30,0.10)",0.664051180920861,0.005247046684166392,0.05773986305860517,3,
objective_specific_noise,oracle,Oracle latent utility,"(1.00,0.00,0.00)",0.6007195146914177,0.0,0.0,3,
objective_specific_noise,oracle,Oracle latent utility,"(0.00,1.00,0.00)",0.5949690006665554,0.0,0.0,3,
objective_specific_noise,oracle,Oracle latent utility,"(0.00,0.00,1.00)",0.6067075976829308,0.0,0.0,3,
objective_specific_noise,oracle,Oracle latent utility,"(0.50,0.50,0.00)",0.6506558099222511,0.0,0.0,3,
objective_specific_noise,oracle,Oracle latent utility,"(0.50,0.00,0.50)",0.6383948196307929,0.0,0.0,3,
objective_specific_noise,oracle,Oracle latent utility,"(0.00,0.50,0.50)",0.6435216115248319,0.0,0.0,3,
objective_specific_noise,oracle,Oracle latent utility,"(0.33,0.33,0.33)",0.6506540485041669,0.0,0.0,3,
objective_specific_noise,oracle,Oracle latent utility,"(0.20,0.60,0.20)",0.6487394642302308,0.0,0.0,3,
objective_specific_noise,oracle,Oracle latent utility,"(0.60,0.30,0.10)",0.6558090991107676,0.0,0.0,3,
objective_specific_noise,standard,Standard scalarized BT,"(1.00,0.00,0.00)",0.6054091335447122,0.0040615506559542386,0.04946928224121752,4,
objective_specific_noise,standard,Standard scalarized BT,"(0.00,1.00,0.00)",0.7234300974451154,0.047119968721739465,0.17456963462011635,4,
objective_specific_noise,standard,Standard scalarized BT,"(0.00,0.00,1.00)",0.642920016439302,0.018859696140513058,0.10867411935228861,4,
objective_specific_noise,standard,Standard scalarized BT,"(0.50,0.50,0.00)",0.6997567498958011,0.018296415758168212,0.1098066002478839,4,
objective_specific_noise,standard,Standard scalarized BT,"(0.50,0.00,0.50)",0.6450165830116598,0.006679641388034535,0.06498446811080921,4,
objective_specific_noise,standard,Standard scalarized BT,"(0.00,0.50,0.50)",0.6851139880410123,0.021098793822452527,0.11691081812705184,4,
objective_specific_noise,standard,Standard scalarized BT,"(0.33,0.33,0.33)",0.6782793426903793,0.01127610306636121,0.08551452964222861,4,
objective_specific_noise,standard,Standard scalarized BT,"(0.20,0.60,0.20)",0.7220522859092101,0.024251489980567253,0.1263455818554553,4,
objective_specific_noise,standard,Standard scalarized BT,"(0.60,0.30,0.10)",0.674749011441813,0.00845456699467768,0.07375682740506845,4,
objective_specific_noise,shared_precision,Shared-precision BT,"(1.00,0.00,0.00)",0.6085143217649547,0.004684119365568334,0.055908788508069185,4,
objective_specific_noise,shared_precision,Shared-precision BT,"(0.00,1.00,0.00)",0.6771446865393699,0.034863869940043174,0.14771590860109485,4,
objective_specific_noise,shared_precision,Shared-precision BT,"(0.00,0.00,1.00)",0.6298682733055823,0.014550934800751753,0.0956281594036099,4,
objective_specific_noise,shared_precision,Shared-precision BT,"(0.50,0.50,0.00)",0.6838015993148613,0.012155965170445662,0.08827852300330759,4,
objective_specific_noise,shared_precision,Shared-precision BT,"(0.50,0.00,0.50)",0.642960387565951,0.005758559380022822,0.061271239479462974,4,
objective_specific_noise,shared_precision,Shared-precision BT,"(0.00,0.50,0.50)",0.6671768699584245,0.014833367668822584,0.09671662083530642,4,
objective_specific_noise,shared_precision,Shared-precision BT,"(0.33,0.33,0.33)",0.6709206448384027,0.007806931436962097,0.07048681476674099,4,
objective_specific_noise,shared_precision,Shared-precision BT,"(0.20,0.60,0.20)",0.6958540681520411,0.016327823185399375,0.10216929653663284,4,
objective_specific_noise,shared_precision,Shared-precision BT,"(0.60,0.30,0.10)",0.6688460886974367,0.006236172037293487,0.06307147059562522,4,
objective_specific_noise,pcma_normalized,PCMA-normalized scalarization,"(1.00,0.00,0.00)",0.6054091335447122,0.0040615506559542386,0.04946928224121752,4,
objective_specific_noise,pcma_normalized,PCMA-normalized scalarization,"(0.00,1.00,0.00)",0.7234300974451154,0.047119968721739465,0.17456963462011635,4,
objective_specific_noise,pcma_normalized,PCMA-normalized scalarization,"(0.00,0.00,1.00)",0.642920016439302,0.018859696140513058,0.10867411935228861,4,
objective_specific_noise,pcma_normalized,PCMA-normalized scalarization,"(0.50,0.50,0.00)",0.6935440292468543,0.013818534141258181,0.09466691059773001,4,
objective_specific_noise,pcma_normalized,PCMA-normalized scalarization,"(0.50,0.00,0.50)",0.6431444022409581,0.006032842903165397,0.061650483953065785,4,
objective_specific_noise,pcma_normalized,PCMA-normalized scalarization,"(0.00,0.50,0.50)",0.6794872419025296,0.019069818981899696,0.11107632331582468,4,
objective_specific_noise,pcma_normalized,PCMA-normalized scalarization,"(0.33,0.33,0.33)",0.6759276498930435,0.009007679120400276,0.07620541738452064,4,
objective_specific_noise,pcma_normalized,PCMA-normalized scalarization,"(0.20,0.60,0.20)",0.7080841043453148,0.019791508033017886,0.11307741552249931,4,
objective_specific_noise,pcma_normalized,PCMA-normalized scalarization,"(0.60,0.30,0.10)",0.6701154160357204,0.006582609906718125,0.06495535005283135,4,
objective_specific_noise,confidence_preserving_pcma,Confidence-preserving PCMA,"(1.00,0.00,0.00)",0.6050661030880358,0.0038557066656618746,0.04829493046916314,4,
objective_specific_noise,confidence_preserving_pcma,Confidence-preserving PCMA,"(0.00,1.00,0.00)",0.660268255550389,0.02911218354768867,0.13538859779399387,4,
objective_specific_noise,confidence_preserving_pcma,Confidence-preserving PCMA,"(0.00,0.00,1.00)",0.6311717228197266,0.015058050869703226,0.09689615470046137,4,
objective_specific_noise,confidence_preserving_pcma,Confidence-preserving PCMA,"(0.50,0.50,0.00)",0.6821729798032257,0.009753262278313033,0.07893924655565683,4,
objective_specific_noise,confidence_preserving_pcma,Confidence-preserving PCMA,"(0.50,0.00,0.50)",0.6413166004500523,0.005262813870272966,0.0576862709084731,4,
objective_specific_noise,confidence_preserving_pcma,Confidence-preserving PCMA,"(0.00,0.50,0.50)",0.6622897055323037,0.012826839769005198,0.0897993057594301,4,
objective_specific_noise,confidence_preserving_pcma,Confidence-preserving PCMA,"(0.33,0.33,0.33)",0.6703561819179226,0.0065795582265866116,0.06461778250178682,4,
objective_specific_noise,confidence_preserving_pcma,Confidence-preserving PCMA,"(0.20,0.60,0.20)",0.6875756467673586,0.013451777011075404,0.09237185240613395,4,
objective_specific_noise,confidence_preserving_pcma,Confidence-preserving PCMA,"(0.60,0.30,0.10)",0.665549652070895,0.004855103603817291,0.05550842822515478,4,
objective_specific_noise,oracle,Oracle latent utility,"(1.00,0.00,0.00)",0.5994971891693863,0.0,0.0,4,
objective_specific_noise,oracle,Oracle latent utility,"(0.00,1.00,0.00)",0.5923886927122581,0.0,0.0,4,
objective_specific_noise,oracle,Oracle latent utility,"(0.00,0.00,1.00)",0.5948802519987184,0.0,0.0,4,
objective_specific_noise,oracle,Oracle latent utility,"(0.50,0.50,0.00)",0.6608140443641203,0.0,0.0,4,
objective_specific_noise,oracle,Oracle latent utility,"(0.50,0.00,0.50)",0.6262147549328649,0.0,0.0,4,
objective_specific_noise,oracle,Oracle latent utility,"(0.00,0.50,0.50)",0.6334996914704012,0.0,0.0,4,
objective_specific_noise,oracle,Oracle latent utility,"(0.33,0.33,0.33)",0.6590575504370491,0.0,0.0,4,
objective_specific_noise,oracle,Oracle latent utility,"(0.20,0.60,0.20)",0.6575492994002252,0.0,0.0,4,
objective_specific_noise,oracle,Oracle latent utility,"(0.60,0.30,0.10)",0.6627516565263343,0.0,0.0,4,
objective_specific_noise,standard,Standard scalarized BT,"(1.00,0.00,0.00)",0.6103407118285797,0.0038070999204196224,0.04812371193953999,5,
objective_specific_noise,standard,Standard scalarized BT,"(0.00,1.00,0.00)",0.7196739253570178,0.046988891268030054,0.17364711351203369,5,
objective_specific_noise,standard,Standard scalarized BT,"(0.00,0.00,1.00)",0.652400346393304,0.019976945343213547,0.11122310031695165,5,
objective_specific_noise,standard,Standard scalarized BT,"(0.50,0.50,0.00)",0.6937418919883473,0.018686739407031895,0.11071683322006581,5,
objective_specific_noise,standard,Standard scalarized BT,"(0.50,0.00,0.50)",0.6499540891915176,0.00703763387347805,0.06654549989484049,5,
objective_specific_noise,standard,Standard scalarized BT,"(0.00,0.50,0.50)",0.6897587659631523,0.021556561077599536,0.11820416549591668,5,
objective_specific_noise,standard,Standard scalarized BT,"(0.33,0.33,0.33)",0.6804746999009822,0.011668423918918239,0.08704158713587315,5,
objective_specific_noise,standard,Standard scalarized BT,"(0.20,0.60,0.20)",0.7077674280397904,0.024619873033458663,0.12750642178056462,5,
objective_specific_noise,standard,Standard scalarized BT,"(0.60,0.30,0.10)",0.6669511185339061,0.008596853007849741,0.07470180579583767,5,
objective_specific_noise,shared_precision,Shared-precision BT,"(1.00,0.00,0.00)",0.61095486937993,0.0044739756607213325,0.055128737554071224,5,
objective_specific_noise,shared_precision,Shared-precision BT,"(0.00,1.00,0.00)",0.6742507029255734,0.035225043736331375,0.1481236262992171,5,
objective_specific_noise,shared_precision,Shared-precision BT,"(0.00,0.00,1.00)",0.6361885412346612,0.015387257261561274,0.09696352892119904,5,
objective_specific_noise,shared_precision,Shared-precision BT,"(0.50,0.50,0.00)",0.6794280862993485,0.012556314429648645,0.08981306218603709,5,
objective_specific_noise,shared_precision,Shared-precision BT,"(0.50,0.00,0.50)",0.6457796069102085,0.005904437572728013,0.061214837456272514,5,
objective_specific_noise,shared_precision,Shared-precision BT,"(0.00,0.50,0.50)",0.6698242364387371,0.015273130714347093,0.09830395767307624,5,
objective_specific_noise,shared_precision,Shared-precision BT,"(0.33,0.33,0.33)",0.6720821451126799,0.008066774509092036,0.0716677716494,5,
objective_specific_noise,shared_precision,Shared-precision BT,"(0.20,0.60,0.20)",0.6851405286987038,0.016750176997370022,0.10353516555190397,5,
objective_specific_noise,shared_precision,Shared-precision BT,"(0.60,0.30,0.10)",0.6628192399460546,0.0063552474647845655,0.06391135399607979,5,
objective_specific_noise,pcma_normalized,PCMA-normalized scalarization,"(1.00,0.00,0.00)",0.6103407118285797,0.0038070999204196224,0.04812371193953999,5,
objective_specific_noise,pcma_normalized,PCMA-normalized scalarization,"(0.00,1.00,0.00)",0.7196739253570178,0.046988891268030054,0.17364711351203369,5,
objective_specific_noise,pcma_normalized,PCMA-normalized scalarization,"(0.00,0.00,1.00)",0.652400346393304,0.019976945343213547,0.11122310031695165,5,
objective_specific_noise,pcma_normalized,PCMA-normalized scalarization,"(0.50,0.50,0.00)",0.6819609369242752,0.013975030922467841,0.09568622969432732,5,
objective_specific_noise,pcma_normalized,PCMA-normalized scalarization,"(0.50,0.00,0.50)",0.6479453639253082,0.006270862748896199,0.06272290683965344,5,
objective_specific_noise,pcma_normalized,PCMA-normalized scalarization,"(0.00,0.50,0.50)",0.6855949465500687,0.01989515672578447,0.11312307324211354,5,
objective_specific_noise,pcma_normalized,PCMA-normalized scalarization,"(0.33,0.33,0.33)",0.6754602889784996,0.009421900377088082,0.07787776664724645,5,
objective_specific_noise,pcma_normalized,PCMA-normalized scalarization,"(0.20,0.60,0.20)",0.694573982689636,0.02049043218553596,0.11525135188363929,5,
objective_specific_noise,pcma_normalized,PCMA-normalized scalarization,"(0.60,0.30,0.10)",0.6658583821852581,0.006619514747049902,0.06570611898495578,5,
objective_specific_noise,confidence_preserving_pcma,Confidence-preserving PCMA,"(1.00,0.00,0.00)",0.6098751681848458,0.003696645017569199,0.04744905558543051,5,
objective_specific_noise,confidence_preserving_pcma,Confidence-preserving PCMA,"(0.00,1.00,0.00)",0.6581432726767145,0.02990890222791394,0.13674400418466526,5,
objective_specific_noise,confidence_preserving_pcma,Confidence-preserving PCMA,"(0.00,0.00,1.00)",0.6373496570175077,0.01573638925339291,0.09789204267145037,5,
objective_specific_noise,confidence_preserving_pcma,Confidence-preserving PCMA,"(0.50,0.50,0.00)",0.6737528560885552,0.010148371797149272,0.08062966744627632,5,
objective_specific_noise,confidence_preserving_pcma,Confidence-preserving PCMA,"(0.50,0.00,0.50)",0.6451614876398104,0.005441668332450526,0.05803525844056969,5,
objective_specific_noise,confidence_preserving_pcma,Confidence-preserving PCMA,"(0.00,0.50,0.50)",0.6652288985088968,0.01340466356194122,0.0921403194691191,5,
objective_specific_noise,confidence_preserving_pcma,Confidence-preserving PCMA,"(0.33,0.33,0.33)",0.6697686551448965,0.006928243626026625,0.06619513769857283,5,
objective_specific_noise,confidence_preserving_pcma,Confidence-preserving PCMA,"(0.20,0.60,0.20)",0.6778336867403576,0.014058962807961211,0.09479145538523115,5,
objective_specific_noise,confidence_preserving_pcma,Confidence-preserving PCMA,"(0.60,0.30,0.10)",0.6620880717461701,0.005000437451829676,0.05645406142198102,5,
objective_specific_noise,oracle,Oracle latent utility,"(1.00,0.00,0.00)",0.5981153055225,0.0,0.0,5,
objective_specific_noise,oracle,Oracle latent utility,"(0.00,1.00,0.00)",0.5912069462086768,0.0,0.0,5,
objective_specific_noise,oracle,Oracle latent utility,"(0.00,0.00,1.00)",0.6008373480323214,0.0,0.0,5,
objective_specific_noise,oracle,Oracle latent utility,"(0.50,0.50,0.00)",0.651745600593395,0.0,0.0,5,
objective_specific_noise,oracle,Oracle latent utility,"(0.50,0.00,0.50)",0.6313338971070681,0.0,0.0,5,
objective_specific_noise,oracle,Oracle latent utility,"(0.00,0.50,0.50)",0.6368723534400361,0.0,0.0,5,
objective_specific_noise,oracle,Oracle latent utility,"(0.33,0.33,0.33)",0.6550342441209653,0.0,0.0,5,
objective_specific_noise,oracle,Oracle latent utility,"(0.20,0.60,0.20)",0.6518461160427758,0.0,0.0,5,
objective_specific_noise,oracle,Oracle latent utility,"(0.60,0.30,0.10)",0.6505837397797476,0.0,0.0,5,
objective_specific_noise,standard,Standard scalarized BT,"(1.00,0.00,0.00)",0.6117856656902599,0.00392648706973236,0.0489943238937332,6,
objective_specific_noise,standard,Standard scalarized BT,"(0.00,1.00,0.00)",0.7373589730771999,0.04808591611146807,0.17629627568098938,6,
objective_specific_noise,standard,Standard scalarized BT,"(0.00,0.00,1.00)",0.6504754511720675,0.01977188859163697,0.11112394300459741,6,
objective_specific_noise,standard,Standard scalarized BT,"(0.50,0.50,0.00)",0.7090625703613097,0.01895275764364698,0.11183963108333417,6,
objective_specific_noise,standard,Standard scalarized BT,"(0.50,0.00,0.50)",0.6429145647261586,0.007057513499834369,0.06687146288015237,6,
objective_specific_noise,standard,Standard scalarized BT,"(0.00,0.50,0.50)",0.6819439728202831,0.020854584720252686,0.11699769846241784,6,
objective_specific_noise,standard,Standard scalarized BT,"(0.33,0.33,0.33)",0.6828060606758025,0.011369522529516922,0.0863783341267384,6,
objective_specific_noise,standard,Standard scalarized BT,"(0.20,0.60,0.20)",0.7087915870997591,0.02445966722033243,0.127356962977227,6,
objective_specific_noise,standard,Standard scalarized BT,"(0.60,0.30,0.10)",0.6684431879632228,0.008741946743099461,0.0753775480138735,6,
objective_specific_noise,shared_precision,Shared-precision BT,"(1.00,0.00,0.00)",0.6116262401205311,0.004075460970197382,0.05161004755242059,6,
objective_specific_noise,shared_precision,Shared-precision BT,"(0.00,1.00,0.00)",0.6926782474730231,0.03709358491511681,0.1524967186051941,6,
objective_specific_noise,shared_precision,Shared-precision BT,"(0.00,0.00,1.00)",0.6358437355330588,0.01534338578929678,0.09718047696380357,6,
objective_specific_noise,shared_precision,Shared-precision BT,"(0.50,0.50,0.00)",0.6924036155885639,0.013217947929324347,0.09237602138417667,6,
objective_specific_noise,shared_precision,Shared-precision BT,"(0.50,0.00,0.50)",0.6406589272453904,0.005751430555295057,0.06037150315520911,6,
objective_specific_noise,shared_precision,Shared-precision BT,"(0.00,0.50,0.50)",0.665874819212948,0.015159777968932843,0.09839211484930248,6,
objective_specific_noise,shared_precision,Shared-precision BT,"(0.33,0.33,0.33)",0.6746068115805157,0.008032669766336488,0.07212771587080785,6,
objective_specific_noise,shared_precision,Shared-precision BT,"(0.20,0.60,0.20)",0.6882785611433883,0.01728227879065355,0.10555723080507226,6,
objective_specific_noise,shared_precision,Shared-precision BT,"(0.60,0.30,0.10)",0.6640897344882504,0.0064727128201356125,0.06463377184606128,6,
objective_specific_noise,pcma_normalized,PCMA-normalized scalarization,"(1.00,0.00,0.00)",0.6117856656902599,0.00392648706973236,0.0489943238937332,6,
objective_specific_noise,pcma_normalized,PCMA-normalized scalarization,"(0.00,1.00,0.00)",0.7373589730771999,0.04808591611146807,0.17629627568098938,6,
objective_specific_noise,pcma_normalized,PCMA-normalized scalarization,"(0.00,0.00,1.00)",0.6504754511720675,0.01977188859163697,0.11112394300459741,6,
objective_specific_noise,pcma_normalized,PCMA-normalized scalarization,"(0.50,0.50,0.00)",0.6951830854063515,0.01401515347157677,0.09591499697256968,6,
objective_specific_noise,pcma_normalized,PCMA-normalized scalarization,"(0.50,0.00,0.50)",0.6397274237981112,0.006179295952030647,0.06250821072615761,6,
objective_specific_noise,pcma_normalized,PCMA-normalized scalarization,"(0.00,0.50,0.50)",0.6757307421783132,0.018983438701854868,0.11128880958322938,6,
objective_specific_noise,pcma_normalized,PCMA-normalized scalarization,"(0.33,0.33,0.33)",0.676815011601903,0.009008833665300014,0.07652670017153293,6,
objective_specific_noise,pcma_normalized,PCMA-normalized scalarization,"(0.20,0.60,0.20)",0.69456051757056,0.01986451242654478,0.11407159727259009,6,
objective_specific_noise,pcma_normalized,PCMA-normalized scalarization,"(0.60,0.30,0.10)",0.6674833403680558,0.006757082028195849,0.06645067758599714,6,
objective_specific_noise,confidence_preserving_pcma,Confidence-preserving PCMA,"(1.00,0.00,0.00)",0.612873102657132,0.004235278306950252,0.05110062053367563,6,
objective_specific_noise,confidence_preserving_pcma,Confidence-preserving PCMA,"(0.00,1.00,0.00)",0.6703296849489809,0.030317632113203416,0.13782615296382622,6,
objective_specific_noise,confidence_preserving_pcma,Confidence-preserving PCMA,"(0.00,0.00,1.00)",0.6366804256797765,0.015620021588236662,0.09795553423627333,6,
objective_specific_noise,confidence_preserving_pcma,Confidence-preserving PCMA,"(0.50,0.50,0.00)",0.6858637302404617,0.010715866861280494,0.08282363512343176,6,
objective_specific_noise,confidence_preserving_pcma,Confidence-preserving PCMA,"(0.50,0.00,0.50)",0.6385252725115979,0.0055494863588992395,0.05901011067166951,6,
objective_specific_noise,confidence_preserving_pcma,Confidence-preserving PCMA,"(0.00,0.50,0.50)",0.6592384372490999,0.012715748582480636,0.08988866689439767,6,
objective_specific_noise,confidence_preserving_pcma,Confidence-preserving PCMA,"(0.33,0.33,0.33)",0.6715955515354877,0.006814245166571665,0.06615871265794519,6,
objective_specific_noise,confidence_preserving_pcma,Confidence-preserving PCMA,"(0.20,0.60,0.20)",0.6793225637097335,0.013927912439642478,0.09454993589288622,6,
objective_specific_noise,confidence_preserving_pcma,Confidence-preserving PCMA,"(0.60,0.30,0.10)",0.6643402484927441,0.0054510666367628855,0.05908096891289687,6,
objective_specific_noise,oracle,Oracle latent utility,"(1.00,0.00,0.00)",0.6019146169232769,0.0,0.0,6,
objective_specific_noise,oracle,Oracle latent utility,"(0.00,1.00,0.00)",0.595868260573847,0.0,0.0,6,
objective_specific_noise,oracle,Oracle latent utility,"(0.00,0.00,1.00)",0.5983939590136943,0.0,0.0,6,
objective_specific_noise,oracle,Oracle latent utility,"(0.50,0.50,0.00)",0.6643454265708357,0.0,0.0,6,
objective_specific_noise,oracle,Oracle latent utility,"(0.50,0.00,0.50)",0.6242909105378261,0.0,0.0,6,
objective_specific_noise,oracle,Oracle latent utility,"(0.00,0.50,0.50)",0.6384966814671518,0.0,0.0,6,
objective_specific_noise,oracle,Oracle latent utility,"(0.33,0.33,0.33)",0.6583590596596612,0.0,0.0,6,
objective_specific_noise,oracle,Oracle latent utility,"(0.20,0.60,0.20)",0.6476173222994521,0.0,0.0,6,
objective_specific_noise,oracle,Oracle latent utility,"(0.60,0.30,0.10)",0.6531720095421628,0.0,0.0,6,
objective_specific_noise,standard,Standard scalarized BT,"(1.00,0.00,0.00)",0.6111522177060303,0.004111328757020085,0.049907671398203096,7,
objective_specific_noise,standard,Standard scalarized BT,"(0.00,1.00,0.00)",0.7506535933088084,0.04749995159667061,0.17501996722584295,7,
objective_specific_noise,standard,Standard scalarized BT,"(0.00,0.00,1.00)",0.6496770209010632,0.019155534482026032,0.10995307556109374,7,
objective_specific_noise,standard,Standard scalarized BT,"(0.50,0.50,0.00)",0.7040641935402897,0.01826457140148291,0.10977644817934351,7,
objective_specific_noise,standard,Standard scalarized BT,"(0.50,0.00,0.50)",0.64570096093481,0.00682104687010187,0.06563048582174581,7,
objective_specific_noise,standard,Standard scalarized BT,"(0.00,0.50,0.50)",0.6938143167063529,0.020961810222301504,0.11606306344899944,7,
objective_specific_noise,standard,Standard scalarized BT,"(0.33,0.33,0.33)",0.6843065364229524,0.01120856473701255,0.0848135600376645,7,
objective_specific_noise,standard,Standard scalarized BT,"(0.20,0.60,0.20)",0.7067252999494203,0.024144622738565272,0.12592658172328133,7,
objective_specific_noise,standard,Standard scalarized BT,"(0.60,0.30,0.10)",0.6697517153387745,0.008483432949344345,0.07373579137726528,7,
objective_specific_noise,shared_precision,Shared-precision BT,"(1.00,0.00,0.00)",0.6134955145485402,0.005109089411705463,0.05895178801955201,7,
objective_specific_noise,shared_precision,Shared-precision BT,"(0.00,1.00,0.00)",0.6918723468018374,0.03376473363904035,0.1455906543496865,7,
objective_specific_noise,shared_precision,Shared-precision BT,"(0.00,0.00,1.00)",0.6337229669325357,0.014226701085872276,0.0949084255773741,7,
objective_specific_noise,shared_precision,Shared-precision BT,"(0.50,0.50,0.00)",0.6854067003047616,0.011469757357017347,0.08577973786446914,7,
objective_specific_noise,shared_precision,Shared-precision BT,"(0.50,0.00,0.50)",0.6435669412891095,0.00590059834175458,0.062116392233276585,7,
objective_specific_noise,shared_precision,Shared-precision BT,"(0.00,0.50,0.50)",0.6720964869408633,0.014193812747280748,0.09480280364403079,7,
objective_specific_noise,shared_precision,Shared-precision BT,"(0.33,0.33,0.33)",0.6746789337425597,0.007435940057482408,0.0690107832420267,7,
objective_specific_noise,shared_precision,Shared-precision BT,"(0.20,0.60,0.20)",0.6828243094991611,0.015459387014821808,0.09906768811697302,7,
objective_specific_noise,shared_precision,Shared-precision BT,"(0.60,0.30,0.10)",0.6649729784954193,0.006062906516901327,0.062402732091552615,7,
objective_specific_noise,pcma_normalized,PCMA-normalized scalarization,"(1.00,0.00,0.00)",0.6111522177060303,0.004111328757020085,0.049907671398203096,7,
objective_specific_noise,pcma_normalized,PCMA-normalized scalarization,"(0.00,1.00,0.00)",0.7506535933088084,0.04749995159667061,0.17501996722584295,7,
objective_specific_noise,pcma_normalized,PCMA-normalized scalarization,"(0.00,0.00,1.00)",0.6496770209010632,0.019155534482026032,0.10995307556109374,7,
objective_specific_noise,pcma_normalized,PCMA-normalized scalarization,"(0.50,0.50,0.00)",0.6910491095460266,0.013806651764080595,0.0945259494594446,7,
objective_specific_noise,pcma_normalized,PCMA-normalized scalarization,"(0.50,0.00,0.50)",0.6445806868702081,0.006103996405572426,0.062108856976391236,7,
objective_specific_noise,pcma_normalized,PCMA-normalized scalarization,"(0.00,0.50,0.50)",0.6882604454778662,0.018902271057714307,0.10999149198754421,7,
objective_specific_noise,pcma_normalized,PCMA-normalized scalarization,"(0.33,0.33,0.33)",0.6797393757519828,0.008955987667176419,0.07547275296947782,7,
objective_specific_noise,pcma_normalized,PCMA-normalized scalarization,"(0.20,0.60,0.20)",0.6945555544980749,0.019556074921582168,0.11207975923774961,7,
objective_specific_noise,pcma_normalized,PCMA-normalized scalarization,"(0.60,0.30,0.10)",0.6656415369650797,0.006637893429950228,0.0652493946448953,7,
objective_specific_noise,confidence_preserving_pcma,Confidence-preserving PCMA,"(1.00,0.00,0.00)",0.6103275264148711,0.003866043530451497,0.04844188604808246,7,
objective_specific_noise,confidence_preserving_pcma,Confidence-preserving PCMA,"(0.00,1.00,0.00)",0.6721498094031139,0.02826568679551654,0.13374016528907418,7,
objective_specific_noise,confidence_preserving_pcma,Confidence-preserving PCMA,"(0.00,0.00,1.00)",0.6350527166733837,0.014685473080672551,0.0961094444845989,7,
objective_specific_noise,confidence_preserving_pcma,Confidence-preserving PCMA,"(0.50,0.50,0.00)",0.6793689483784857,0.009296495129571175,0.07705667893007669,7,
objective_specific_noise,confidence_preserving_pcma,Confidence-preserving PCMA,"(0.50,0.00,0.50)",0.642309261210159,0.005227146510617082,0.057501846098133254,7,
objective_specific_noise,confidence_preserving_pcma,Confidence-preserving PCMA,"(0.00,0.50,0.50)",0.6673301565434028,0.012342423956792876,0.08859908860403432,7,
objective_specific_noise,confidence_preserving_pcma,Confidence-preserving PCMA,"(0.33,0.33,0.33)",0.6727661296440061,0.006280068746120246,0.0632550385664939,7,
objective_specific_noise,confidence_preserving_pcma,Confidence-preserving PCMA,"(0.20,0.60,0.20)",0.6775195589524348,0.012891688535498323,0.09059095620128299,7,
objective_specific_noise,confidence_preserving_pcma,Confidence-preserving PCMA,"(0.60,0.30,0.10)",0.6614314553179417,0.004639721560938634,0.054148887424514236,7,
objective_specific_noise,oracle,Oracle latent utility,"(1.00,0.00,0.00)",0.6000797352145063,0.0,0.0,7,
objective_specific_noise,oracle,Oracle latent utility,"(0.00,1.00,0.00)",0.6128568251287914,0.0,0.0,7,
objective_specific_noise,oracle,Oracle latent utility,"(0.00,0.00,1.00)",0.5961632973581102,0.0,0.0,7,
objective_specific_noise,oracle,Oracle latent utility,"(0.50,0.50,0.00)",0.6584906122101977,0.0,0.0,7,
objective_specific_noise,oracle,Oracle latent utility,"(0.50,0.00,0.50)",0.6336395375015875,0.0,0.0,7,
objective_specific_noise,oracle,Oracle latent utility,"(0.00,0.50,0.50)",0.6447259924764965,0.0,0.0,7,
objective_specific_noise,oracle,Oracle latent utility,"(0.33,0.33,0.33)",0.6602976246077025,0.0,0.0,7,
objective_specific_noise,oracle,Oracle latent utility,"(0.20,0.60,0.20)",0.6457394977199742,0.0,0.0,7,
objective_specific_noise,oracle,Oracle latent utility,"(0.60,0.30,0.10)",0.6528067621343069,0.0,0.0,7,
objective_specific_noise,standard,Standard scalarized BT,"(1.00,0.00,0.00)",0.600199091774482,0.003894668394227944,0.04870014239868393,8,
objective_specific_noise,standard,Standard scalarized BT,"(0.00,1.00,0.00)",0.7212680922601244,0.04802751784284703,0.17610027197033526,8,
objective_specific_noise,standard,Standard scalarized BT,"(0.00,0.00,1.00)",0.6421623181268165,0.019233849344800966,0.1088429391867147,8,
objective_specific_noise,standard,Standard scalarized BT,"(0.50,0.50,0.00)",0.7008010437987203,0.01870379748135673,0.11086533770754568,8,
objective_specific_noise,standard,Standard scalarized BT,"(0.50,0.00,0.50)",0.653478243428852,0.006520004407668833,0.06394421173112555,8,
objective_specific_noise,standard,Standard scalarized BT,"(0.00,0.50,0.50)",0.678307049123778,0.02103535192191963,0.1166931811429444,8,
objective_specific_noise,standard,Standard scalarized BT,"(0.33,0.33,0.33)",0.6839137314224268,0.011224770876419602,0.08532558094243281,8,
objective_specific_noise,standard,Standard scalarized BT,"(0.20,0.60,0.20)",0.7215042108797813,0.02447201026256324,0.12697687704741903,8,
objective_specific_noise,standard,Standard scalarized BT,"(0.60,0.30,0.10)",0.6693797256862654,0.008593413087920936,0.07445056750001836,8,
objective_specific_noise,shared_precision,Shared-precision BT,"(1.00,0.00,0.00)",0.6032865510280322,0.004485823695033684,0.05483771407055832,8,
objective_specific_noise,shared_precision,Shared-precision BT,"(0.00,1.00,0.00)",0.6769356325400002,0.036044932689070774,0.1505248069533781,8,
objective_specific_noise,shared_precision,Shared-precision BT,"(0.00,0.00,1.00)",0.6293232436138172,0.014861729392886781,0.09605546887058732,8,
objective_specific_noise,shared_precision,Shared-precision BT,"(0.50,0.50,0.00)",0.6847378871967521,0.012499175860584796,0.0893548599267953,8,
objective_specific_noise,shared_precision,Shared-precision BT,"(0.50,0.00,0.50)",0.6489019551988284,0.005644809098225529,0.06004038766202355,8,
objective_specific_noise,shared_precision,Shared-precision BT,"(0.00,0.50,0.50)",0.6623414269858448,0.014981423805414628,0.09742639673097993,8,
objective_specific_noise,shared_precision,Shared-precision BT,"(0.33,0.33,0.33)",0.6749826892559482,0.007790798228362138,0.07040582129873339,8,
objective_specific_noise,shared_precision,Shared-precision BT,"(0.20,0.60,0.20)",0.6961730338593254,0.016690551284991764,0.1033799886588132,8,
objective_specific_noise,shared_precision,Shared-precision BT,"(0.60,0.30,0.10)",0.6644402706355015,0.006243614737507817,0.06279786801946725,8,
objective_specific_noise,pcma_normalized,PCMA-normalized scalarization,"(1.00,0.00,0.00)",0.600199091774482,0.003894668394227944,0.04870014239868393,8,
objective_specific_noise,pcma_normalized,PCMA-normalized scalarization,"(0.00,1.00,0.00)",0.7212680922601244,0.04802751784284703,0.17610027197033526,8,
objective_specific_noise,pcma_normalized,PCMA-normalized scalarization,"(0.00,0.00,1.00)",0.6421623181268165,0.019233849344800966,0.1088429391867147,8,
objective_specific_noise,pcma_normalized,PCMA-normalized scalarization,"(0.50,0.50,0.00)",0.6898062446850065,0.014447766758751151,0.09745097156481951,8,
objective_specific_noise,pcma_normalized,PCMA-normalized scalarization,"(0.50,0.00,0.50)",0.6512621961892281,0.005892050273798654,0.06080257231451043,8,
objective_specific_noise,pcma_normalized,PCMA-normalized scalarization,"(0.00,0.50,0.50)",0.6729327250388561,0.019044224739335112,0.11119955404699647,8,
objective_specific_noise,pcma_normalized,PCMA-normalized scalarization,"(0.33,0.33,0.33)",0.6771029027588327,0.009022184637691407,0.07651850571164616,8,
objective_specific_noise,pcma_normalized,PCMA-normalized scalarization,"(0.20,0.60,0.20)",0.7085540797222336,0.02042772678211355,0.11557222282472694,8,
objective_specific_noise,pcma_normalized,PCMA-normalized scalarization,"(0.60,0.30,0.10)",0.6659226674124349,0.006655592879267313,0.06584582472352976,8,
objective_specific_noise,confidence_preserving_pcma,Confidence-preserving PCMA,"(1.00,0.00,0.00)",0.5999440857005135,0.003702871410055947,0.04741640048478775,8,
objective_specific_noise,confidence_preserving_pcma,Confidence-preserving PCMA,"(0.00,1.00,0.00)",0.6606244094290715,0.03041414202937143,0.1385163842492708,8,
objective_specific_noise,confidence_preserving_pcma,Confidence-preserving PCMA,"(0.00,0.00,1.00)",0.6306254897288054,0.015382741068041647,0.09737212896891287,8,
objective_specific_noise,confidence_preserving_pcma,Confidence-preserving PCMA,"(0.50,0.50,0.00)",0.6791101716651419,0.010110343750082072,0.08036133532243195,8,
objective_specific_noise,confidence_preserving_pcma,Confidence-preserving PCMA,"(0.50,0.00,0.50)",0.648216012035359,0.00516485581584854,0.05694026001659519,8,
objective_specific_noise,confidence_preserving_pcma,Confidence-preserving PCMA,"(0.00,0.50,0.50)",0.6577387730292956,0.012971145557079268,0.09082805176701911,8,
objective_specific_noise,confidence_preserving_pcma,Confidence-preserving PCMA,"(0.33,0.33,0.33)",0.6711091041433213,0.0065711957496695705,0.06460518213192361,8,
objective_specific_noise,confidence_preserving_pcma,Confidence-preserving PCMA,"(0.20,0.60,0.20)",0.6878794674666642,0.01383925132075293,0.09423981335589925,8,
objective_specific_noise,confidence_preserving_pcma,Confidence-preserving PCMA,"(0.60,0.30,0.10)",0.6618850416852481,0.004884092194349283,0.05568528750836217,8,
objective_specific_noise,oracle,Oracle latent utility,"(1.00,0.00,0.00)",0.5947118534037636,0.0,0.0,8,
objective_specific_noise,oracle,Oracle latent utility,"(0.00,1.00,0.00)",0.5882100688635967,0.0,0.0,8,
objective_specific_noise,oracle,Oracle latent utility,"(0.00,0.00,1.00)",0.6033801593766941,0.0,0.0,8,
objective_specific_noise,oracle,Oracle latent utility,"(0.50,0.50,0.00)",0.6582473414649148,0.0,0.0,8,
objective_specific_noise,oracle,Oracle latent utility,"(0.50,0.00,0.50)",0.6340824303760799,0.0,0.0,8,
objective_specific_noise,oracle,Oracle latent utility,"(0.00,0.50,0.50)",0.6302678573079253,0.0,0.0,8,
objective_specific_noise,oracle,Oracle latent utility,"(0.33,0.33,0.33)",0.6592241357051211,0.0,0.0,8,
objective_specific_noise,oracle,Oracle latent utility,"(0.20,0.60,0.20)",0.6542975528360454,0.0,0.0,8,
objective_specific_noise,oracle,Oracle latent utility,"(0.60,0.30,0.10)",0.6507024075194239,0.0,0.0,8,
objective_specific_noise,standard,Standard scalarized BT,"(1.00,0.00,0.00)",0.6013572027622623,0.003946513436909446,0.04892638151214922,9,
objective_specific_noise,standard,Standard scalarized BT,"(0.00,1.00,0.00)",0.72786935093388,0.04757663288124586,0.1752193445873294,9,
objective_specific_noise,standard,Standard scalarized BT,"(0.00,0.00,1.00)",0.6548961401445588,0.01970738599869009,0.11129061593777105,9,
objective_specific_noise,standard,Standard scalarized BT,"(0.50,0.50,0.00)",0.6978536692575169,0.018512665995546122,0.11012186894196982,9,
objective_specific_noise,standard,Standard scalarized BT,"(0.50,0.00,0.50)",0.6375860934673521,0.007017463050635515,0.06652545247656486,9,
objective_specific_noise,standard,Standard scalarized BT,"(0.00,0.50,0.50)",0.6860857344272929,0.021031605724786545,0.11639876921627977,9,
objective_specific_noise,standard,Standard scalarized BT,"(0.33,0.33,0.33)",0.6771457558761729,0.011319634054450918,0.08557578531450803,9,
objective_specific_noise,standard,Standard scalarized BT,"(0.20,0.60,0.20)",0.7039897907144963,0.02426304023092025,0.12621719060257564,9,
objective_specific_noise,standard,Standard scalarized BT,"(0.60,0.30,0.10)",0.6716647217682781,0.008547512889538351,0.07398783590645609,9,
objective_specific_noise,shared_precision,Shared-precision BT,"(1.00,0.00,0.00)",0.6043110870708377,0.004489927159777124,0.05456792793854588,9,
objective_specific_noise,shared_precision,Shared-precision BT,"(0.00,1.00,0.00)",0.6831639081307419,0.036133508250887535,0.15059739321464002,9,
objective_specific_noise,shared_precision,Shared-precision BT,"(0.00,0.00,1.00)",0.6388142241381777,0.015371964329658885,0.09852561446572984,9,
objective_specific_noise,shared_precision,Shared-precision BT,"(0.50,0.50,0.00)",0.6831242506964652,0.012704365405333156,0.09017990828538536,9,
objective_specific_noise,shared_precision,Shared-precision BT,"(0.50,0.00,0.50)",0.636674998789158,0.005943531996524523,0.06197935444940516,9,
objective_specific_noise,shared_precision,Shared-precision BT,"(0.00,0.50,0.50)",0.6684922260699708,0.015267191370061715,0.09823825602722937,9,
objective_specific_noise,shared_precision,Shared-precision BT,"(0.33,0.33,0.33)",0.6700240841898888,0.008029372758184805,0.07144505512912472,9,
objective_specific_noise,shared_precision,Shared-precision BT,"(0.20,0.60,0.20)",0.6836285962626365,0.016903042298898056,0.10395218993628605,9,
objective_specific_noise,shared_precision,Shared-precision BT,"(0.60,0.30,0.10)",0.6664901852956049,0.0063976369581223115,0.0637143052157468,9,
objective_specific_noise,pcma_normalized,PCMA-normalized scalarization,"(1.00,0.00,0.00)",0.6013572027622623,0.003946513436909446,0.04892638151214922,9,
objective_specific_noise,pcma_normalized,PCMA-normalized scalarization,"(0.00,1.00,0.00)",0.72786935093388,0.04757663288124586,0.1752193445873294,9,
objective_specific_noise,pcma_normalized,PCMA-normalized scalarization,"(0.00,0.00,1.00)",0.6548961401445588,0.01970738599869009,0.11129061593777105,9,
objective_specific_noise,pcma_normalized,PCMA-normalized scalarization,"(0.50,0.50,0.00)",0.6888603277353306,0.014709486854294443,0.09813414855626547,9,
objective_specific_noise,pcma_normalized,PCMA-normalized scalarization,"(0.50,0.00,0.50)",0.6368686230380496,0.0064243943892025954,0.06347712669218647,9,
objective_specific_noise,pcma_normalized,PCMA-normalized scalarization,"(0.00,0.50,0.50)",0.6824551204823798,0.01977661144491025,0.11298069225281406,9,
objective_specific_noise,pcma_normalized,PCMA-normalized scalarization,"(0.33,0.33,0.33)",0.6746157609411227,0.009546915723836825,0.07874329471819927,9,
objective_specific_noise,pcma_normalized,PCMA-normalized scalarization,"(0.20,0.60,0.20)",0.6951337827165895,0.02125855302823745,0.11784710470689143,9,
objective_specific_noise,pcma_normalized,PCMA-normalized scalarization,"(0.60,0.30,0.10)",0.6667506636723441,0.006828453986342151,0.06645772128992558,9,
objective_specific_noise,confidence_preserving_pcma,Confidence-preserving PCMA,"(1.00,0.00,0.00)",0.6011983770471002,0.0037223720006198426,0.04774450092200862,9,
objective_specific_noise,confidence_preserving_pcma,Confidence-preserving PCMA,"(0.00,1.00,0.00)",0.669717703557625,0.03195926924123594,0.1417036234458204,9,
objective_specific_noise,confidence_preserving_pcma,Confidence-preserving PCMA,"(0.00,0.00,1.00)",0.6393520263748221,0.015518833172303938,0.09889302655091876,9,
objective_specific_noise,confidence_preserving_pcma,Confidence-preserving PCMA,"(0.50,0.50,0.00)",0.6788084033054876,0.010624880390735853,0.08294273049072788,9,
objective_specific_noise,confidence_preserving_pcma,Confidence-preserving PCMA,"(0.50,0.00,0.50)",0.6356100366180841,0.005526296881206726,0.059108440786587474,9,
objective_specific_noise,confidence_preserving_pcma,Confidence-preserving PCMA,"(0.00,0.50,0.50)",0.6644603221865135,0.013755915265651297,0.09341902562438273,9,
objective_specific_noise,confidence_preserving_pcma,Confidence-preserving PCMA,"(0.33,0.33,0.33)",0.6690735165659972,0.007050965062467711,0.06705641889621916,9,
objective_specific_noise,confidence_preserving_pcma,Confidence-preserving PCMA,"(0.20,0.60,0.20)",0.6782327570234514,0.014707638754123212,0.09715391926831674,9,
objective_specific_noise,confidence_preserving_pcma,Confidence-preserving PCMA,"(0.60,0.30,0.10)",0.662878101918394,0.005167928193729988,0.05730901130625982,9,
objective_specific_noise,oracle,Oracle latent utility,"(1.00,0.00,0.00)",0.5927418166196571,0.0,0.0,9,
objective_specific_noise,oracle,Oracle latent utility,"(0.00,1.00,0.00)",0.6038998176203102,0.0,0.0,9,
objective_specific_noise,oracle,Oracle latent utility,"(0.00,0.00,1.00)",0.6020700183896504,0.0,0.0,9,
objective_specific_noise,oracle,Oracle latent utility,"(0.50,0.50,0.00)",0.6583853927241625,0.0,0.0,9,
objective_specific_noise,oracle,Oracle latent utility,"(0.50,0.00,0.50)",0.6261323799387939,0.0,0.0,9,
objective_specific_noise,oracle,Oracle latent utility,"(0.00,0.50,0.50)",0.6358300323986495,0.0,0.0,9,
objective_specific_noise,oracle,Oracle latent utility,"(0.33,0.33,0.33)",0.6600018101466993,0.0,0.0,9,
objective_specific_noise,oracle,Oracle latent utility,"(0.20,0.60,0.20)",0.6462770603799077,0.0,0.0,9,
objective_specific_noise,oracle,Oracle latent utility,"(0.60,0.30,0.10)",0.6512642595891055,0.0,0.0,9,
equal_noise_control,standard,Standard scalarized BT,"(1.00,0.00,0.00)",0.6367043772452904,0.019504422543245217,0.11021692057838045,0,
equal_noise_control,standard,Standard scalarized BT,"(0.00,1.00,0.00)",0.650780554029183,0.01949738465061402,0.1099484613864217,0,
equal_noise_control,standard,Standard scalarized BT,"(0.00,0.00,1.00)",0.6481398577543904,0.019281562405108997,0.10947652387248126,0,
equal_noise_control,standard,Standard scalarized BT,"(0.50,0.50,0.00)",0.6900150476998947,0.01208892956416626,0.08803911949582381,0,
equal_noise_control,standard,Standard scalarized BT,"(0.50,0.00,0.50)",0.661533651162826,0.0109722706134225,0.08349849878023831,0,
equal_noise_control,standard,Standard scalarized BT,"(0.00,0.50,0.50)",0.6685952247395275,0.011164372163391039,0.08441155782691336,0,
equal_noise_control,standard,Standard scalarized BT,"(0.33,0.33,0.33)",0.6753424621345936,0.0080673531260991,0.0715286595214023,0,
equal_noise_control,standard,Standard scalarized BT,"(0.20,0.60,0.20)",0.6764389726573806,0.010382232413467285,0.08149504655795944,0,
equal_noise_control,standard,Standard scalarized BT,"(0.60,0.30,0.10)",0.6798483380338909,0.011054748081892185,0.08400545299745045,0,
equal_noise_control,shared_precision,Shared-precision BT,"(1.00,0.00,0.00)",0.6263559766144443,0.015786509649722818,0.09897398577456938,0,
equal_noise_control,shared_precision,Shared-precision BT,"(0.00,1.00,0.00)",0.6381227869025234,0.015863424496697427,0.09890478632122159,0,
equal_noise_control,shared_precision,Shared-precision BT,"(0.00,0.00,1.00)",0.6365203668934979,0.015670805834236523,0.0983332159808402,0,
equal_noise_control,shared_precision,Shared-precision BT,"(0.50,0.50,0.00)",0.6816042491732783,0.009078745923636786,0.0761094172490574,0,
equal_noise_control,shared_precision,Shared-precision BT,"(0.50,0.00,0.50)",0.6541662673144135,0.008709628210096692,0.07412734310377932,0,
equal_noise_control,shared_precision,Shared-precision BT,"(0.00,0.50,0.50)",0.6609916713350272,0.008881313809831627,0.07496485938120424,0,
equal_noise_control,shared_precision,Shared-precision BT,"(0.33,0.33,0.33)",0.6708315436054026,0.006154871137807293,0.06217686607782553,0,
equal_noise_control,shared_precision,Shared-precision BT,"(0.20,0.60,0.20)",0.669916780093239,0.00800363885167155,0.07118046467452946,0,
equal_noise_control,shared_precision,Shared-precision BT,"(0.60,0.30,0.10)",0.6728400339544421,0.008385274252139488,0.07292243754874028,0,
equal_noise_control,pcma_normalized,PCMA-normalized scalarization,"(1.00,0.00,0.00)",0.6367043772452904,0.019504422543245217,0.11021692057838045,0,
equal_noise_control,pcma_normalized,PCMA-normalized scalarization,"(0.00,1.00,0.00)",0.650780554029183,0.01949738465061402,0.1099484613864217,0,
equal_noise_control,pcma_normalized,PCMA-normalized scalarization,"(0.00,0.00,1.00)",0.6481398577543904,0.019281562405108997,0.10947652387248126,0,
equal_noise_control,pcma_normalized,PCMA-normalized scalarization,"(0.50,0.50,0.00)",0.6898747826300476,0.012207451759732688,0.08853796207759017,0,
equal_noise_control,pcma_normalized,PCMA-normalized scalarization,"(0.50,0.00,0.50)",0.6617693855431764,0.010995159734381256,0.08361608326791208,0,
equal_noise_control,pcma_normalized,PCMA-normalized scalarization,"(0.00,0.50,0.50)",0.6688179398866891,0.011192383828592205,0.0845494016768144,0,
equal_noise_control,pcma_normalized,PCMA-normalized scalarization,"(0.33,0.33,0.33)",0.67500530293528,0.008131245687191818,0.07178295518155217,0,
equal_noise_control,pcma_normalized,PCMA-normalized scalarization,"(0.20,0.60,0.20)",0.6762328339170035,0.010216493628706136,0.08074237769457865,0,
equal_noise_control,pcma_normalized,PCMA-normalized scalarization,"(0.60,0.30,0.10)",0.6801683667114065,0.011317861481255204,0.08522516790473479,0,
equal_noise_control,confidence_preserving_pcma,Confidence-preserving PCMA,"(1.00,0.00,0.00)",0.6276473568450638,0.01632119440793658,0.10055137990641692,0,
equal_noise_control,confidence_preserving_pcma,Confidence-preserving PCMA,"(0.00,1.00,0.00)",0.6367203370347223,0.015434692616282518,0.09779823274619695,0,
equal_noise_control,confidence_preserving_pcma,Confidence-preserving PCMA,"(0.00,0.00,1.00)",0.6365560129775759,0.015682916928965965,0.09836892388787473,0,
equal_noise_control,confidence_preserving_pcma,Confidence-preserving PCMA,"(0.50,0.50,0.00)",0.6814654599772384,0.009167034651133516,0.07646527687590489,0,
equal_noise_control,confidence_preserving_pcma,Confidence-preserving PCMA,"(0.50,0.00,0.50)",0.6547949278986281,0.008858932066866738,0.07471656315168516,0,
equal_noise_control,confidence_preserving_pcma,Confidence-preserving PCMA,"(0.00,0.50,0.50)",0.6607582069151745,0.008788462455530914,0.07456478454913332,0,
equal_noise_control,confidence_preserving_pcma,Confidence-preserving PCMA,"(0.33,0.33,0.33)",0.6705262618570325,0.006194664226590141,0.062361604390261026,0,
equal_noise_control,confidence_preserving_pcma,Confidence-preserving PCMA,"(0.20,0.60,0.20)",0.6697811043417723,0.007873734316015691,0.0705793509744361,0,
equal_noise_control,confidence_preserving_pcma,Confidence-preserving PCMA,"(0.60,0.30,0.10)",0.6730589192564075,0.008604012013072877,0.07386027371741864,0,
equal_noise_control,oracle,Oracle latent utility,"(1.00,0.00,0.00)",0.5909581326137014,0.0,0.0,0,
equal_noise_control,oracle,Oracle latent utility,"(0.00,1.00,0.00)",0.6015709520544833,0.0,0.0,0,
equal_noise_control,oracle,Oracle latent utility,"(0.00,0.00,1.00)",0.6018922927417196,0.0,0.0,0,
equal_noise_control,oracle,Oracle latent utility,"(0.50,0.50,0.00)",0.6620695414119849,0.0,0.0,0,
equal_noise_control,oracle,Oracle latent utility,"(0.50,0.00,0.50)",0.6338204535956307,0.0,0.0,0,
equal_noise_control,oracle,Oracle latent utility,"(0.00,0.50,0.50)",0.6399565845279513,0.0,0.0,0,
equal_noise_control,oracle,Oracle latent utility,"(0.33,0.33,0.33)",0.6611908227467187,0.0,0.0,0,
equal_noise_control,oracle,Oracle latent utility,"(0.20,0.60,0.20)",0.6526080744995013,0.0,0.0,0,
equal_noise_control,oracle,Oracle latent utility,"(0.60,0.30,0.10)",0.655237517815871,0.0,0.0,0,
equal_noise_control,standard,Standard scalarized BT,"(1.00,0.00,0.00)",0.6565565431007145,0.019935638108706938,0.11188793735628423,1,
equal_noise_control,standard,Standard scalarized BT,"(0.00,1.00,0.00)",0.6443770336665788,0.019144762103976278,0.1091195493533926,1,
equal_noise_control,standard,Standard scalarized BT,"(0.00,0.00,1.00)",0.6485411274496536,0.019242488756347712,0.10997784370951319,1,
equal_noise_control,standard,Standard scalarized BT,"(0.50,0.50,0.00)",0.684066694280195,0.01232845683896302,0.08967174420711874,1,
equal_noise_control,standard,Standard scalarized BT,"(0.50,0.00,0.50)",0.654879114571726,0.011372462498184438,0.08459483432794407,1,
equal_noise_control,standard,Standard scalarized BT,"(0.00,0.50,0.50)",0.660496188628387,0.011505523967635522,0.08580907343002284,1,
equal_noise_control,standard,Standard scalarized BT,"(0.33,0.33,0.33)",0.6738015822795104,0.008542068275917877,0.07433140748668245,1,
equal_noise_control,standard,Standard scalarized BT,"(0.20,0.60,0.20)",0.669158147048829,0.01064821109174728,0.08287688861329963,1,
equal_noise_control,standard,Standard scalarized BT,"(0.60,0.30,0.10)",0.67780287379843,0.011426575103369635,0.08609293991881509,1,
equal_noise_control,shared_precision,Shared-precision BT,"(1.00,0.00,0.00)",0.6419224654043079,0.015869152810727257,0.10012916066739692,1,
equal_noise_control,shared_precision,Shared-precision BT,"(0.00,1.00,0.00)",0.6326301651119252,0.015191902885056521,0.09705698666470677,1,
equal_noise_control,shared_precision,Shared-precision BT,"(0.00,0.00,1.00)",0.635000749939741,0.015247580966547424,0.09766380617888824,1,
equal_noise_control,shared_precision,Shared-precision BT,"(0.50,0.50,0.00)",0.6762778083427969,0.009007491830641558,0.0761518194720998,1,
equal_noise_control,shared_precision,Shared-precision BT,"(0.50,0.00,0.50)",0.6485837439046014,0.008956002318966807,0.07531975514932071,1,
equal_noise_control,shared_precision,Shared-precision BT,"(0.00,0.50,0.50)",0.6537368722575071,0.008860964728870999,0.07514148893131078,1,
equal_noise_control,shared_precision,Shared-precision BT,"(0.33,0.33,0.33)",0.6692191357107058,0.006397809110974227,0.0640960748915603,1,
equal_noise_control,shared_precision,Shared-precision BT,"(0.20,0.60,0.20)",0.6637306697028905,0.007970591058959186,0.07119875089127209,1,
equal_noise_control,shared_precision,Shared-precision BT,"(0.60,0.30,0.10)",0.6708632560689126,0.008517901656898988,0.07422408531119118,1,
equal_noise_control,pcma_normalized,PCMA-normalized scalarization,"(1.00,0.00,0.00)",0.6565565431007145,0.019935638108706938,0.11188793735628423,1,
equal_noise_control,pcma_normalized,PCMA-normalized scalarization,"(0.00,1.00,0.00)",0.6443770336665788,0.019144762103976278,0.1091195493533926,1,
equal_noise_control,pcma_normalized,PCMA-normalized scalarization,"(0.00,0.00,1.00)",0.6485411274496536,0.019242488756347712,0.10997784370951319,1,
equal_noise_control,pcma_normalized,PCMA-normalized scalarization,"(0.50,0.50,0.00)",0.6840344872876395,0.012492345527125874,0.09025934761174262,1,
equal_noise_control,pcma_normalized,PCMA-normalized scalarization,"(0.50,0.00,0.50)",0.6550915572182082,0.011438271774507607,0.08472566899013288,1,
equal_noise_control,pcma_normalized,PCMA-normalized scalarization,"(0.00,0.50,0.50)",0.660570789612655,0.011518616416104237,0.08588626786980456,1,
equal_noise_control,pcma_normalized,PCMA-normalized scalarization,"(0.33,0.33,0.33)",0.6747007953597345,0.00860666942620383,0.07460246894488376,1,
equal_noise_control,pcma_normalized,PCMA-normalized scalarization,"(0.20,0.60,0.20)",0.6682267878728684,0.010392176948907053,0.08184706196776186,1,
equal_noise_control,pcma_normalized,PCMA-normalized scalarization,"(0.60,0.30,0.10)",0.6781843934458393,0.011826303476493823,0.08757764986017463,1,
equal_noise_control,confidence_preserving_pcma,Confidence-preserving PCMA,"(1.00,0.00,0.00)",0.6447876479876297,0.0166948883835155,0.10242336919701613,1,
equal_noise_control,confidence_preserving_pcma,Confidence-preserving PCMA,"(0.00,1.00,0.00)",0.6314333130442912,0.014695522089601837,0.09573704171305865,1,
equal_noise_control,confidence_preserving_pcma,Confidence-preserving PCMA,"(0.00,0.00,1.00)",0.6347286933294009,0.015160400923342641,0.09741652740161931,1,
equal_noise_control,confidence_preserving_pcma,Confidence-preserving PCMA,"(0.50,0.50,0.00)",0.6762964706737624,0.009168421212055055,0.07676545113533519,1,
equal_noise_control,confidence_preserving_pcma,Confidence-preserving PCMA,"(0.50,0.00,0.50)",0.6491095814900475,0.009166830883786812,0.07603712450848864,1,
equal_noise_control,confidence_preserving_pcma,Confidence-preserving PCMA,"(0.00,0.50,0.50)",0.6534107235887534,0.008694153337342069,0.07456550263487037,1,
equal_noise_control,confidence_preserving_pcma,Confidence-preserving PCMA,"(0.33,0.33,0.33)",0.6698909790260577,0.006440441049064167,0.06431089253920586,1,
equal_noise_control,confidence_preserving_pcma,Confidence-preserving PCMA,"(0.20,0.60,0.20)",0.66332473771886,0.00781639733725385,0.0706732979143714,1,
equal_noise_control,confidence_preserving_pcma,Confidence-preserving PCMA,"(0.60,0.30,0.10)",0.6710426034908132,0.008846185657529933,0.07545931310312641,1,
equal_noise_control,oracle,Oracle latent utility,"(1.00,0.00,0.00)",0.6072659953211478,0.0,0.0,1,
equal_noise_control,oracle,Oracle latent utility,"(0.00,1.00,0.00)",0.5954224575826691,0.0,0.0,1,
equal_noise_control,oracle,Oracle latent utility,"(0.00,0.00,1.00)",0.5965466896404203,0.0,0.0,1,
equal_noise_control,oracle,Oracle latent utility,"(0.50,0.50,0.00)",0.6547691978926452,0.0,0.0,1,
equal_noise_control,oracle,Oracle latent utility,"(0.50,0.00,0.50)",0.6271377092331694,0.0,0.0,1,
equal_noise_control,oracle,Oracle latent utility,"(0.00,0.50,0.50)",0.6297425200018768,0.0,0.0,1,
equal_noise_control,oracle,Oracle latent utility,"(0.33,0.33,0.33)",0.6564139321014298,0.0,0.0,1,
equal_noise_control,oracle,Oracle latent utility,"(0.20,0.60,0.20)",0.6490840213538313,0.0,0.0,1,
equal_noise_control,oracle,Oracle latent utility,"(0.60,0.30,0.10)",0.6520732069360314,0.0,0.0,1,
equal_noise_control,standard,Standard scalarized BT,"(1.00,0.00,0.00)",0.6483949282354471,0.019211304919809827,0.1097079950676984,2,
equal_noise_control,standard,Standard scalarized BT,"(0.00,1.00,0.00)",0.6478234263571775,0.02008049020568291,0.11142506086277376,2,
equal_noise_control,standard,Standard scalarized BT,"(0.00,0.00,1.00)",0.644761809183329,0.019692514232141432,0.11073029251388568,2,
equal_noise_control,standard,Standard scalarized BT,"(0.50,0.50,0.00)",0.6889901580413181,0.012625900273827486,0.09033117919119414,2,
equal_noise_control,standard,Standard scalarized BT,"(0.50,0.00,0.50)",0.6599478818693807,0.011136839629294583,0.08425303447469853,2,
equal_noise_control,standard,Standard scalarized BT,"(0.00,0.50,0.50)",0.6562371838132761,0.011507100317725127,0.08451158370728303,2,
equal_noise_control,standard,Standard scalarized BT,"(0.33,0.33,0.33)",0.6777154629565787,0.00843050651987161,0.07327308684754494,2,
equal_noise_control,standard,Standard scalarized BT,"(0.20,0.60,0.20)",0.6735755645396307,0.010894421514254668,0.08314017593813905,2,
equal_noise_control,standard,Standard scalarized BT,"(0.60,0.30,0.10)",0.6857266011294588,0.011328892413020245,0.08545185351920297,2,
equal_noise_control,shared_precision,Shared-precision BT,"(1.00,0.00,0.00)",0.6366168355210262,0.015703767719940923,0.0986031109342538,2,
equal_noise_control,shared_precision,Shared-precision BT,"(0.00,1.00,0.00)",0.6361234823609656,0.016341622209586244,0.09987038099217291,2,
equal_noise_control,shared_precision,Shared-precision BT,"(0.00,0.00,1.00)",0.6340766130592763,0.01618419997052367,0.10020296488930669,2,
equal_noise_control,shared_precision,Shared-precision BT,"(0.50,0.50,0.00)",0.6811532738133743,0.009580948949179328,0.07792992884898288,2,
equal_noise_control,shared_precision,Shared-precision BT,"(0.50,0.00,0.50)",0.6535229770835292,0.00905523445230028,0.07588449589049547,2,
equal_noise_control,shared_precision,Shared-precision BT,"(0.00,0.50,0.50)",0.6511722411803005,0.009190762431074513,0.07515251635248205,2,
equal_noise_control,shared_precision,Shared-precision BT,"(0.33,0.33,0.33)",0.673083646766082,0.006581050836278752,0.06451796395510946,2,
equal_noise_control,shared_precision,Shared-precision BT,"(0.20,0.60,0.20)",0.6678672360022019,0.008462644522175225,0.0727298075229234,2,
equal_noise_control,shared_precision,Shared-precision BT,"(0.60,0.30,0.10)",0.6780840320504403,0.008733077527933264,0.07456942326240472,2,
equal_noise_control,pcma_normalized,PCMA-normalized scalarization,"(1.00,0.00,0.00)",0.6483949282354471,0.019211304919809827,0.1097079950676984,2,
equal_noise_control,pcma_normalized,PCMA-normalized scalarization,"(0.00,1.00,0.00)",0.6478234263571775,0.02008049020568291,0.11142506086277376,2,
equal_noise_control,pcma_normalized,PCMA-normalized scalarization,"(0.00,0.00,1.00)",0.644761809183329,0.019692514232141432,0.11073029251388568,2,
equal_noise_control,pcma_normalized,PCMA-normalized scalarization,"(0.50,0.50,0.00)",0.6892307289553566,0.012703866939403105,0.09048324028123629,2,
equal_noise_control,pcma_normalized,PCMA-normalized scalarization,"(0.50,0.00,0.50)",0.6600636880456199,0.011156211962076994,0.08442276546794222,2,
equal_noise_control,pcma_normalized,PCMA-normalized scalarization,"(0.00,0.50,0.50)",0.6562635811669933,0.011517073086367386,0.08456969562841266,2,
equal_noise_control,pcma_normalized,PCMA-normalized scalarization,"(0.33,0.33,0.33)",0.6776992348989282,0.008463253737940277,0.07337448998088439,2,
equal_noise_control,pcma_normalized,PCMA-normalized scalarization,"(0.20,0.60,0.20)",0.6739658449252733,0.01108063329929808,0.08382485614683155,2,
equal_noise_control,pcma_normalized,PCMA-normalized scalarization,"(0.60,0.30,0.10)",0.6849154862056577,0.011176040388748051,0.08474159751021898,2,
equal_noise_control,confidence_preserving_pcma,Confidence-preserving PCMA,"(1.00,0.00,0.00)",0.6351141982449778,0.015215798322706956,0.09711141773973789,2,
equal_noise_control,confidence_preserving_pcma,Confidence-preserving PCMA,"(0.00,1.00,0.00)",0.6373755244515928,0.016777435729259972,0.10115635858146754,2,
equal_noise_control,confidence_preserving_pcma,Confidence-preserving PCMA,"(0.00,0.00,1.00)",0.6344932103010259,0.016335922171777543,0.10061001421859841,2,
equal_noise_control,confidence_preserving_pcma,Confidence-preserving PCMA,"(0.50,0.50,0.00)",0.6811612652087244,0.009570366020780182,0.07773435426293746,2,
equal_noise_control,confidence_preserving_pcma,Confidence-preserving PCMA,"(0.50,0.00,0.50)",0.6533424322874122,0.008982162230483952,0.07556072742796828,2,
equal_noise_control,confidence_preserving_pcma,Confidence-preserving PCMA,"(0.00,0.50,0.50)",0.6514890534798893,0.009362050891944893,0.07582818288864392,2,
equal_noise_control,confidence_preserving_pcma,Confidence-preserving PCMA,"(0.33,0.33,0.33)",0.6730546445979775,0.0066019461299072334,0.06454092133598263,2,
equal_noise_control,confidence_preserving_pcma,Confidence-preserving PCMA,"(0.20,0.60,0.20)",0.6681774758830207,0.008642053306631207,0.07347435210184827,2,
equal_noise_control,confidence_preserving_pcma,Confidence-preserving PCMA,"(0.60,0.30,0.10)",0.677327050409028,0.008573997282161431,0.07372972795580116,2,
equal_noise_control,oracle,Oracle latent utility,"(1.00,0.00,0.00)",0.6000293934133877,0.0,0.0,2,
equal_noise_control,oracle,Oracle latent utility,"(0.00,1.00,0.00)",0.5956976526648644,0.0,0.0,2,
equal_noise_control,oracle,Oracle latent utility,"(0.00,0.00,1.00)",0.5971304423746683,0.0,0.0,2,
equal_noise_control,oracle,Oracle latent utility,"(0.50,0.50,0.00)",0.6621352242325497,0.0,0.0,2,
equal_noise_control,oracle,Oracle latent utility,"(0.50,0.00,0.50)",0.6377293355223397,0.0,0.0,2,
equal_noise_control,oracle,Oracle latent utility,"(0.00,0.50,0.50)",0.6286507117060449,0.0,0.0,2,
equal_noise_control,oracle,Oracle latent utility,"(0.33,0.33,0.33)",0.6607974366817382,0.0,0.0,2,
equal_noise_control,oracle,Oracle latent utility,"(0.20,0.60,0.20)",0.6499900815953595,0.0,0.0,2,
equal_noise_control,oracle,Oracle latent utility,"(0.60,0.30,0.10)",0.6593169014968797,0.0,0.0,2,
equal_noise_control,standard,Standard scalarized BT,"(1.00,0.00,0.00)",0.6490256060067257,0.01981321059357586,0.1112511599270982,3,
equal_noise_control,standard,Standard scalarized BT,"(0.00,1.00,0.00)",0.6463735825140043,0.019435805711507794,0.1105306615054848,3,
equal_noise_control,standard,Standard scalarized BT,"(0.00,0.00,1.00)",0.6548137863235434,0.01980707126624709,0.11130231978568676,3,
equal_noise_control,standard,Standard scalarized BT,"(0.50,0.50,0.00)",0.6823318093017108,0.012474274185832865,0.08982655119330735,3,
equal_noise_control,standard,Standard scalarized BT,"(0.50,0.00,0.50)",0.6601535084039286,0.011490355783678746,0.08528543685366993,3,
equal_noise_control,standard,Standard scalarized BT,"(0.00,0.50,0.50)",0.6718445054588931,0.011767874801461794,0.08638531362551612,3,
equal_noise_control,standard,Standard scalarized BT,"(0.33,0.33,0.33)",0.6642290380942214,0.008691742799750029,0.07464331126308553,3,
equal_noise_control,standard,Standard scalarized BT,"(0.20,0.60,0.20)",0.6766081338278683,0.01086498706669971,0.08352022030349647,3,
equal_noise_control,standard,Standard scalarized BT,"(0.60,0.30,0.10)",0.6784084008193597,0.01141186867108274,0.08570224590397015,3,
equal_noise_control,shared_precision,Shared-precision BT,"(1.00,0.00,0.00)",0.6356193882756864,0.015560583094337818,0.09778701227729288,3,
equal_noise_control,shared_precision,Shared-precision BT,"(0.00,1.00,0.00)",0.6329959662786477,0.015202157026270936,0.0972597095511807,3,
equal_noise_control,shared_precision,Shared-precision BT,"(0.00,0.00,1.00)",0.6400018988793845,0.015536248020804234,0.0981920455449271,3,
equal_noise_control,shared_precision,Shared-precision BT,"(0.50,0.50,0.00)",0.674356667729553,0.008856315323225929,0.07516293231721043,3,
equal_noise_control,shared_precision,Shared-precision BT,"(0.50,0.00,0.50)",0.6529075554648317,0.008892667109550481,0.07463975234596675,3,
equal_noise_control,shared_precision,Shared-precision BT,"(0.00,0.50,0.50)",0.6617521321630573,0.00903277990480697,0.07563481913085014,3,
equal_noise_control,shared_precision,Shared-precision BT,"(0.33,0.33,0.33)",0.661576099543208,0.006386526483555562,0.06355752857927262,3,
equal_noise_control,shared_precision,Shared-precision BT,"(0.20,0.60,0.20)",0.6687327250742439,0.008005023892331502,0.07137615534330213,3,
equal_noise_control,shared_precision,Shared-precision BT,"(0.60,0.30,0.10)",0.670994867834711,0.008299015590335983,0.07249594053329896,3,
equal_noise_control,pcma_normalized,PCMA-normalized scalarization,"(1.00,0.00,0.00)",0.6490256060067257,0.01981321059357586,0.1112511599270982,3,
equal_noise_control,pcma_normalized,PCMA-normalized scalarization,"(0.00,1.00,0.00)",0.6463735825140043,0.019435805711507794,0.1105306615054848,3,
equal_noise_control,pcma_normalized,PCMA-normalized scalarization,"(0.00,0.00,1.00)",0.6548137863235434,0.01980707126624709,0.11130231978568676,3,
equal_noise_control,pcma_normalized,PCMA-normalized scalarization,"(0.50,0.50,0.00)",0.6821461349093318,0.012492784553348736,0.08989633898282223,3,
equal_noise_control,pcma_normalized,PCMA-normalized scalarization,"(0.50,0.00,0.50)",0.6602448542940971,0.01167086961703795,0.08596835863573955,3,
equal_noise_control,pcma_normalized,PCMA-normalized scalarization,"(0.00,0.50,0.50)",0.6742986615109364,0.012030906628854275,0.08738126399322525,3,
equal_noise_control,pcma_normalized,PCMA-normalized scalarization,"(0.33,0.33,0.33)",0.6649202774421366,0.00887980326009469,0.07540224608839108,3,
equal_noise_control,pcma_normalized,PCMA-normalized scalarization,"(0.20,0.60,0.20)",0.6778662640093513,0.011364979752645636,0.08561544585760048,3,
equal_noise_control,pcma_normalized,PCMA-normalized scalarization,"(0.60,0.30,0.10)",0.6790701737378652,0.011628033587417489,0.08639503268405335,3,
equal_noise_control,confidence_preserving_pcma,Confidence-preserving PCMA,"(1.00,0.00,0.00)",0.6367614594462039,0.015961487383049117,0.09896179004824059,3,
equal_noise_control,confidence_preserving_pcma,Confidence-preserving PCMA,"(0.00,1.00,0.00)",0.6352576050064482,0.015992295575263642,0.09966089148158583,3,
equal_noise_control,confidence_preserving_pcma,Confidence-preserving PCMA,"(0.00,0.00,1.00)",0.6373513497572234,0.014725173575803292,0.09653028033589928,3,
equal_noise_control,confidence_preserving_pcma,Confidence-preserving PCMA,"(0.50,0.50,0.00)",0.6752743119386271,0.009409366722625274,0.07752380134581445,3,
equal_noise_control,confidence_preserving_pcma,Confidence-preserving PCMA,"(0.50,0.00,0.50)",0.6525388282513088,0.00887183913664871,0.0746115225218236,3,
equal_noise_control,confidence_preserving_pcma,Confidence-preserving PCMA,"(0.00,0.50,0.50)",0.6630378329500553,0.009104101528530521,0.07608866042649193,3,
equal_noise_control,confidence_preserving_pcma,Confidence-preserving PCMA,"(0.33,0.33,0.33)",0.6623084514984059,0.006610546351051434,0.06460041150678965,3,
equal_noise_control,confidence_preserving_pcma,Confidence-preserving PCMA,"(0.20,0.60,0.20)",0.6698603192123026,0.00847639395879357,0.07348552769110896,3,
equal_noise_control,confidence_preserving_pcma,Confidence-preserving PCMA,"(0.60,0.30,0.10)",0.6720435165694542,0.008720513454486897,0.07424694628343718,3,
equal_noise_control,oracle,Oracle latent utility,"(1.00,0.00,0.00)",0.6007195146914177,0.0,0.0,3,
equal_noise_control,oracle,Oracle latent utility,"(0.00,1.00,0.00)",0.5949690006665554,0.0,0.0,3,
equal_noise_control,oracle,Oracle latent utility,"(0.00,0.00,1.00)",0.6067075976829308,0.0,0.0,3,
equal_noise_control,oracle,Oracle latent utility,"(0.50,0.50,0.00)",0.6506558099222511,0.0,0.0,3,
equal_noise_control,oracle,Oracle latent utility,"(0.50,0.00,0.50)",0.6383948196307929,0.0,0.0,3,
equal_noise_control,oracle,Oracle latent utility,"(0.00,0.50,0.50)",0.6435216115248319,0.0,0.0,3,
equal_noise_control,oracle,Oracle latent utility,"(0.33,0.33,0.33)",0.6506540485041669,0.0,0.0,3,
equal_noise_control,oracle,Oracle latent utility,"(0.20,0.60,0.20)",0.6487394642302308,0.0,0.0,3,
equal_noise_control,oracle,Oracle latent utility,"(0.60,0.30,0.10)",0.6558090991107676,0.0,0.0,3,
equal_noise_control,standard,Standard scalarized BT,"(1.00,0.00,0.00)",0.6414530529900805,0.020119815664082795,0.11111554213500915,4,
equal_noise_control,standard,Standard scalarized BT,"(0.00,1.00,0.00)",0.6389901295495791,0.019179027618038653,0.10949675681111092,4,
equal_noise_control,standard,Standard scalarized BT,"(0.00,0.00,1.00)",0.642920016439302,0.018859696140513058,0.10867411935228861,4,
equal_noise_control,standard,Standard scalarized BT,"(0.50,0.50,0.00)",0.6844858933550128,0.012402105150949756,0.0896279358093641,4,
equal_noise_control,standard,Standard scalarized BT,"(0.50,0.00,0.50)",0.6552639007710434,0.0111338894363916,0.08396981606661708,4,
equal_noise_control,standard,Standard scalarized BT,"(0.00,0.50,0.50)",0.6601240850746805,0.011388199041269685,0.08507436184390961,4,
equal_noise_control,standard,Standard scalarized BT,"(0.33,0.33,0.33)",0.6733217570636111,0.00836723226395331,0.07340664952096186,4,
equal_noise_control,standard,Standard scalarized BT,"(0.20,0.60,0.20)",0.6862743374375821,0.0106035056169245,0.0825527222747422,4,
equal_noise_control,standard,Standard scalarized BT,"(0.60,0.30,0.10)",0.6786265999727188,0.011456580721862715,0.08560050198403217,4,
equal_noise_control,shared_precision,Shared-precision BT,"(1.00,0.00,0.00)",0.6298229097999922,0.015858460188217797,0.0988915591886009,4,
equal_noise_control,shared_precision,Shared-precision BT,"(0.00,1.00,0.00)",0.6277546797101531,0.015206829537545178,0.09706834362070779,4,
equal_noise_control,shared_precision,Shared-precision BT,"(0.00,0.00,1.00)",0.6309178887814924,0.014962899460304442,0.09663898614958323,4,
equal_noise_control,shared_precision,Shared-precision BT,"(0.50,0.50,0.00)",0.6761365636592698,0.00895626761330561,0.07586312125293411,4,
equal_noise_control,shared_precision,Shared-precision BT,"(0.50,0.00,0.50)",0.6490266196538803,0.008745535374898535,0.07443905925417556,4,
equal_noise_control,shared_precision,Shared-precision BT,"(0.00,0.50,0.50)",0.6533328420862564,0.00876291064858347,0.07419464253544322,4,
equal_noise_control,shared_precision,Shared-precision BT,"(0.33,0.33,0.33)",0.6687833919834666,0.006241665672665021,0.06309518422108283,4,
equal_noise_control,shared_precision,Shared-precision BT,"(0.20,0.60,0.20)",0.6766231271148304,0.007917963224078364,0.07095117164556522,4,
equal_noise_control,shared_precision,Shared-precision BT,"(0.60,0.30,0.10)",0.6712517020050043,0.00842952069477803,0.07326925617452909,4,
equal_noise_control,pcma_normalized,PCMA-normalized scalarization,"(1.00,0.00,0.00)",0.6414530529900805,0.020119815664082795,0.11111554213500915,4,
equal_noise_control,pcma_normalized,PCMA-normalized scalarization,"(0.00,1.00,0.00)",0.6389901295495791,0.019179027618038653,0.10949675681111092,4,
equal_noise_control,pcma_normalized,PCMA-normalized scalarization,"(0.00,0.00,1.00)",0.642920016439302,0.018859696140513058,0.10867411935228861,4,
equal_noise_control,pcma_normalized,PCMA-normalized scalarization,"(0.50,0.50,0.00)",0.6845620476828815,0.012404921462949121,0.08964016061561064,4,
equal_noise_control,pcma_normalized,PCMA-normalized scalarization,"(0.50,0.00,0.50)",0.655288421186517,0.011133785818733486,0.08398373937719292,4,
equal_noise_control,pcma_normalized,PCMA-normalized scalarization,"(0.00,0.50,0.50)",0.6601088704062413,0.01138805057101829,0.08508591563560786,4,
equal_noise_control,pcma_normalized,PCMA-normalized scalarization,"(0.33,0.33,0.33)",0.673338485336833,0.00836217303604669,0.07340926436874644,4,
equal_noise_control,pcma_normalized,PCMA-normalized scalarization,"(0.20,0.60,0.20)",0.6861197257511789,0.010551968642925617,0.08235256550942215,4,
equal_noise_control,pcma_normalized,PCMA-normalized scalarization,"(0.60,0.30,0.10)",0.678615453636696,0.011450049347224885,0.08556582547559617,4,
equal_noise_control,confidence_preserving_pcma,Confidence-preserving PCMA,"(1.00,0.00,0.00)",0.6297950961243491,0.0158456021755437,0.09885864849585675,4,
equal_noise_control,confidence_preserving_pcma,Confidence-preserving PCMA,"(0.00,1.00,0.00)",0.6275716076789056,0.015125116745790243,0.09685655315693723,4,
equal_noise_control,confidence_preserving_pcma,Confidence-preserving PCMA,"(0.00,0.00,1.00)",0.6311717228197266,0.015058050869703226,0.09689615470046137,4,
equal_noise_control,confidence_preserving_pcma,Confidence-preserving PCMA,"(0.50,0.50,0.00)",0.676092633907165,0.008912354593602984,0.07567759481774826,4,
equal_noise_control,confidence_preserving_pcma,Confidence-preserving PCMA,"(0.50,0.00,0.50)",0.6490870066567168,0.008764201934484087,0.0744997064069619,4,
equal_noise_control,confidence_preserving_pcma,Confidence-preserving PCMA,"(0.00,0.50,0.50)",0.653327493708702,0.008765428327175022,0.074189829365979,4,
equal_noise_control,confidence_preserving_pcma,Confidence-preserving PCMA,"(0.33,0.33,0.33)",0.668772042857465,0.006228099333909858,0.06302629798808952,4,
equal_noise_control,confidence_preserving_pcma,Confidence-preserving PCMA,"(0.20,0.60,0.20)",0.6764730997379657,0.007875068785931019,0.0707570765848817,4,
equal_noise_control,confidence_preserving_pcma,Confidence-preserving PCMA,"(0.60,0.30,0.10)",0.6711862921026012,0.00840020207064139,0.07314417809331766,4,
equal_noise_control,oracle,Oracle latent utility,"(1.00,0.00,0.00)",0.5994971891693863,0.0,0.0,4,
equal_noise_control,oracle,Oracle latent utility,"(0.00,1.00,0.00)",0.5923886927122581,0.0,0.0,4,
equal_noise_control,oracle,Oracle latent utility,"(0.00,0.00,1.00)",0.5948802519987184,0.0,0.0,4,
equal_noise_control,oracle,Oracle latent utility,"(0.50,0.50,0.00)",0.6608140443641203,0.0,0.0,4,
equal_noise_control,oracle,Oracle latent utility,"(0.50,0.00,0.50)",0.6262147549328649,0.0,0.0,4,
equal_noise_control,oracle,Oracle latent utility,"(0.00,0.50,0.50)",0.6334996914704012,0.0,0.0,4,
equal_noise_control,oracle,Oracle latent utility,"(0.33,0.33,0.33)",0.6590575504370491,0.0,0.0,4,
equal_noise_control,oracle,Oracle latent utility,"(0.20,0.60,0.20)",0.6575492994002252,0.0,0.0,4,
equal_noise_control,oracle,Oracle latent utility,"(0.60,0.30,0.10)",0.6627516565263343,0.0,0.0,4,
equal_noise_control,standard,Standard scalarized BT,"(1.00,0.00,0.00)",0.6530863763590266,0.01890837709122917,0.1083566890602504,5,
equal_noise_control,standard,Standard scalarized BT,"(0.00,1.00,0.00)",0.636092180462718,0.01923157920719594,0.10932936730105594,5,
equal_noise_control,standard,Standard scalarized BT,"(0.00,0.00,1.00)",0.652400346393304,0.019976945343213547,0.11122310031695165,5,
equal_noise_control,standard,Standard scalarized BT,"(0.50,0.50,0.00)",0.6750005519650415,0.012178218881323633,0.08908233956155749,5,
equal_noise_control,standard,Standard scalarized BT,"(0.50,0.00,0.50)",0.66209278417105,0.011264976664986437,0.08442764430942809,5,
equal_noise_control,standard,Standard scalarized BT,"(0.00,0.50,0.50)",0.6656684694603374,0.011794284389325978,0.08650757017280758,5,
equal_noise_control,standard,Standard scalarized BT,"(0.33,0.33,0.33)",0.6724169906157628,0.00849135993951221,0.07413204767883172,5,
equal_noise_control,standard,Standard scalarized BT,"(0.20,0.60,0.20)",0.6736664416950351,0.010801596232339986,0.08369097124555842,5,
equal_noise_control,standard,Standard scalarized BT,"(0.60,0.30,0.10)",0.6759859709836307,0.01097342439212223,0.08401067251546301,5,
equal_noise_control,shared_precision,Shared-precision BT,"(1.00,0.00,0.00)",0.6391396631775661,0.015257814128553019,0.09745921759551432,5,
equal_noise_control,shared_precision,Shared-precision BT,"(0.00,1.00,0.00)",0.6247973231544872,0.015408891436631322,0.09738264172085657,5,
equal_noise_control,shared_precision,Shared-precision BT,"(0.00,0.00,1.00)",0.6381598472733512,0.015978949321064168,0.0985844117360168,5,
equal_noise_control,shared_precision,Shared-precision BT,"(0.50,0.50,0.00)",0.6690461665966325,0.008971764601685542,0.07559786364122772,5,
equal_noise_control,shared_precision,Shared-precision BT,"(0.50,0.00,0.50)",0.6541181329284275,0.008899306253129837,0.07490214102705384,5,
equal_noise_control,shared_precision,Shared-precision BT,"(0.00,0.50,0.50)",0.6571225707942926,0.009150901122873568,0.07576962898001793,5,
equal_noise_control,shared_precision,Shared-precision BT,"(0.33,0.33,0.33)",0.667906016200943,0.00639516406607282,0.06393478083187276,5,
equal_noise_control,shared_precision,Shared-precision BT,"(0.20,0.60,0.20)",0.6666263652868253,0.00812943194354874,0.0719577239094786,5,
equal_noise_control,shared_precision,Shared-precision BT,"(0.60,0.30,0.10)",0.6694635044678021,0.008265395398781081,0.07232880540567839,5,
equal_noise_control,pcma_normalized,PCMA-normalized scalarization,"(1.00,0.00,0.00)",0.6530863763590266,0.01890837709122917,0.1083566890602504,5,
equal_noise_control,pcma_normalized,PCMA-normalized scalarization,"(0.00,1.00,0.00)",0.636092180462718,0.01923157920719594,0.10932936730105594,5,
equal_noise_control,pcma_normalized,PCMA-normalized scalarization,"(0.00,0.00,1.00)",0.652400346393304,0.019976945343213547,0.11122310031695165,5,
equal_noise_control,pcma_normalized,PCMA-normalized scalarization,"(0.50,0.50,0.00)",0.6749520116876798,0.012167755857868306,0.08904252934875408,5,
equal_noise_control,pcma_normalized,PCMA-normalized scalarization,"(0.50,0.00,0.50)",0.6620883720117683,0.01126189843277364,0.08442349017385467,5,
equal_noise_control,pcma_normalized,PCMA-normalized scalarization,"(0.00,0.50,0.50)",0.6656415307703786,0.011791631449898404,0.08650032938054816,5,
equal_noise_control,pcma_normalized,PCMA-normalized scalarization,"(0.33,0.33,0.33)",0.6724036249109422,0.008490374587529641,0.07413817262067299,5,
equal_noise_control,pcma_normalized,PCMA-normalized scalarization,"(0.20,0.60,0.20)",0.6736556614839697,0.010816080893255892,0.08372944359560859,5,
equal_noise_control,pcma_normalized,PCMA-normalized scalarization,"(0.60,0.30,0.10)",0.6763342870258977,0.011060458737954804,0.08432813993334634,5,
equal_noise_control,confidence_preserving_pcma,Confidence-preserving PCMA,"(1.00,0.00,0.00)",0.6399499102856437,0.015472865160315279,0.09805470262482215,5,
equal_noise_control,confidence_preserving_pcma,Confidence-preserving PCMA,"(0.00,1.00,0.00)",0.6248547803721695,0.015432224803678432,0.0974471616185806,5,
equal_noise_control,confidence_preserving_pcma,Confidence-preserving PCMA,"(0.00,0.00,1.00)",0.6373496570175077,0.01573638925339291,0.09789204267145037,5,
equal_noise_control,confidence_preserving_pcma,Confidence-preserving PCMA,"(0.50,0.50,0.00)",0.6691840758442682,0.00907820517110745,0.0760688713542335,5,
equal_noise_control,confidence_preserving_pcma,Confidence-preserving PCMA,"(0.50,0.00,0.50)",0.6541033788022834,0.008893406140543457,0.07486799542782546,5,
equal_noise_control,confidence_preserving_pcma,Confidence-preserving PCMA,"(0.00,0.50,0.50)",0.6568885624899338,0.00908413292978806,0.07553355334440263,5,
equal_noise_control,confidence_preserving_pcma,Confidence-preserving PCMA,"(0.33,0.33,0.33)",0.6679498429469217,0.006415574075433602,0.06402882030760934,5,
equal_noise_control,confidence_preserving_pcma,Confidence-preserving PCMA,"(0.20,0.60,0.20)",0.6666716868126114,0.008161684048505584,0.07210616394683332,5,
equal_noise_control,confidence_preserving_pcma,Confidence-preserving PCMA,"(0.60,0.30,0.10)",0.6698277560468275,0.008385988000738552,0.0728224696233424,5,
equal_noise_control,oracle,Oracle latent utility,"(1.00,0.00,0.00)",0.5981153055225,0.0,0.0,5,
equal_noise_control,oracle,Oracle latent utility,"(0.00,1.00,0.00)",0.5912069462086768,0.0,0.0,5,
equal_noise_control,oracle,Oracle latent utility,"(0.00,0.00,1.00)",0.6008373480323214,0.0,0.0,5,
equal_noise_control,oracle,Oracle latent utility,"(0.50,0.50,0.00)",0.651745600593395,0.0,0.0,5,
equal_noise_control,oracle,Oracle latent utility,"(0.50,0.00,0.50)",0.6313338971070681,0.0,0.0,5,
equal_noise_control,oracle,Oracle latent utility,"(0.00,0.50,0.50)",0.6368723534400361,0.0,0.0,5,
equal_noise_control,oracle,Oracle latent utility,"(0.33,0.33,0.33)",0.6550342441209653,0.0,0.0,5,
equal_noise_control,oracle,Oracle latent utility,"(0.20,0.60,0.20)",0.6518461160427758,0.0,0.0,5,
equal_noise_control,oracle,Oracle latent utility,"(0.60,0.30,0.10)",0.6505837397797476,0.0,0.0,5,
equal_noise_control,standard,Standard scalarized BT,"(1.00,0.00,0.00)",0.6520096801506013,0.01917397057477778,0.10973710173654942,6,
equal_noise_control,standard,Standard scalarized BT,"(0.00,1.00,0.00)",0.6478586039297789,0.01985931637006789,0.11126275124105542,6,
equal_noise_control,standard,Standard scalarized BT,"(0.00,0.00,1.00)",0.6504754511720675,0.01977188859163697,0.11112394300459741,6,
equal_noise_control,standard,Standard scalarized BT,"(0.50,0.50,0.00)",0.6933652196037249,0.012750701391722546,0.09121890011485652,6,
equal_noise_control,standard,Standard scalarized BT,"(0.50,0.00,0.50)",0.6546161131437043,0.011535346517994604,0.0861181565615176,6,
equal_noise_control,standard,Standard scalarized BT,"(0.00,0.50,0.50)",0.657447627757411,0.011296862445929366,0.0851437666334637,6,
equal_noise_control,standard,Standard scalarized BT,"(0.33,0.33,0.33)",0.6748846933556694,0.008542162462820621,0.07436677304641807,6,
equal_noise_control,standard,Standard scalarized BT,"(0.20,0.60,0.20)",0.6710401943225408,0.010791461946723431,0.08386922739459124,6,
equal_noise_control,standard,Standard scalarized BT,"(0.60,0.30,0.10)",0.6786867243187287,0.011480048756740921,0.0864614884759072,6,
equal_noise_control,shared_precision,Shared-precision BT,"(1.00,0.00,0.00)",0.6394377442359298,0.01563072937754741,0.09843448142901595,6,
equal_noise_control,shared_precision,Shared-precision BT,"(0.00,1.00,0.00)",0.6360727299774073,0.016142181544018197,0.09959822493439426,6,
equal_noise_control,shared_precision,Shared-precision BT,"(0.00,0.00,1.00)",0.637975483490168,0.016040633924227995,0.09917631307986594,6,
equal_noise_control,shared_precision,Shared-precision BT,"(0.50,0.50,0.00)",0.6843440974762706,0.009606151334385372,0.07865607968204642,6,
equal_noise_control,shared_precision,Shared-precision BT,"(0.50,0.00,0.50)",0.6487344874807977,0.009147539911107054,0.07602782862583328,6,
equal_noise_control,shared_precision,Shared-precision BT,"(0.00,0.50,0.50)",0.6513665775975817,0.008851992544166519,0.07477847039754242,6,
equal_noise_control,shared_precision,Shared-precision BT,"(0.33,0.33,0.33)",0.6702041706273469,0.00647935078698596,0.06462374519870771,6,
equal_noise_control,shared_precision,Shared-precision BT,"(0.20,0.60,0.20)",0.6652645328437686,0.008269206356691587,0.07301997454795517,6,
equal_noise_control,shared_precision,Shared-precision BT,"(0.60,0.30,0.10)",0.6719963869014044,0.008760649870296502,0.07501319430699128,6,
equal_noise_control,pcma_normalized,PCMA-normalized scalarization,"(1.00,0.00,0.00)",0.6520096801506013,0.01917397057477778,0.10973710173654942,6,
equal_noise_control,pcma_normalized,PCMA-normalized scalarization,"(0.00,1.00,0.00)",0.6478586039297789,0.01985931637006789,0.11126275124105542,6,
equal_noise_control,pcma_normalized,PCMA-normalized scalarization,"(0.00,0.00,1.00)",0.6504754511720675,0.01977188859163697,0.11112394300459741,6,
equal_noise_control,pcma_normalized,PCMA-normalized scalarization,"(0.50,0.50,0.00)",0.6932635718798056,0.012823329786130457,0.09142511930539478,6,
equal_noise_control,pcma_normalized,PCMA-normalized scalarization,"(0.50,0.00,0.50)",0.6543597961384953,0.011569148507430188,0.08623668933504683,6,
equal_noise_control,pcma_normalized,PCMA-normalized scalarization,"(0.00,0.50,0.50)",0.6574537308073598,0.011297057675868825,0.08514466665198266,6,
equal_noise_control,pcma_normalized,PCMA-normalized scalarization,"(0.33,0.33,0.33)",0.6747600724389565,0.008593196589524467,0.07460536399420764,6,
equal_noise_control,pcma_normalized,PCMA-normalized scalarization,"(0.20,0.60,0.20)",0.6703935620334444,0.010672098200969685,0.08330056435669696,6,
equal_noise_control,pcma_normalized,PCMA-normalized scalarization,"(0.60,0.30,0.10)",0.6801696525861448,0.011803494274493127,0.08782688051543427,6,
equal_noise_control,confidence_preserving_pcma,Confidence-preserving PCMA,"(1.00,0.00,0.00)",0.6425774274940117,0.016553893071227937,0.1013915725529776,6,
equal_noise_control,confidence_preserving_pcma,Confidence-preserving PCMA,"(0.00,1.00,0.00)",0.6349155677859877,0.015733538552776264,0.09843070230689298,6,
equal_noise_control,confidence_preserving_pcma,Confidence-preserving PCMA,"(0.00,0.00,1.00)",0.6366804256797765,0.015620021588236662,0.09795553423627333,6,
equal_noise_control,confidence_preserving_pcma,Confidence-preserving PCMA,"(0.50,0.50,0.00)",0.6848178671118892,0.009869555780932666,0.07968476300970041,6,
equal_noise_control,confidence_preserving_pcma,Confidence-preserving PCMA,"(0.50,0.00,0.50)",0.6487886771357336,0.00930620468854862,0.07670964902485487,6,
equal_noise_control,confidence_preserving_pcma,Confidence-preserving PCMA,"(0.00,0.50,0.50)",0.6508703200092018,0.008616426648677589,0.07376621822347139,6,
equal_noise_control,confidence_preserving_pcma,Confidence-preserving PCMA,"(0.33,0.33,0.33)",0.6701460777507484,0.006541098980566745,0.06494817321371588,6,
equal_noise_control,confidence_preserving_pcma,Confidence-preserving PCMA,"(0.20,0.60,0.20)",0.664814425137525,0.008163098196642432,0.0724681226848001,6,
equal_noise_control,confidence_preserving_pcma,Confidence-preserving PCMA,"(0.60,0.30,0.10)",0.6735337498950252,0.009200565827771422,0.07691416799873453,6,
equal_noise_control,oracle,Oracle latent utility,"(1.00,0.00,0.00)",0.6019146169232769,0.0,0.0,6,
equal_noise_control,oracle,Oracle latent utility,"(0.00,1.00,0.00)",0.595868260573847,0.0,0.0,6,
equal_noise_control,oracle,Oracle latent utility,"(0.00,0.00,1.00)",0.5983939590136943,0.0,0.0,6,
equal_noise_control,oracle,Oracle latent utility,"(0.50,0.50,0.00)",0.6643454265708357,0.0,0.0,6,
equal_noise_control,oracle,Oracle latent utility,"(0.50,0.00,0.50)",0.6242909105378261,0.0,0.0,6,
equal_noise_control,oracle,Oracle latent utility,"(0.00,0.50,0.50)",0.6384966814671518,0.0,0.0,6,
equal_noise_control,oracle,Oracle latent utility,"(0.33,0.33,0.33)",0.6583590596596612,0.0,0.0,6,
equal_noise_control,oracle,Oracle latent utility,"(0.20,0.60,0.20)",0.6476173222994521,0.0,0.0,6,
equal_noise_control,oracle,Oracle latent utility,"(0.60,0.30,0.10)",0.6531720095421628,0.0,0.0,6,
equal_noise_control,standard,Standard scalarized BT,"(1.00,0.00,0.00)",0.6543377848280165,0.020332159627983765,0.11214077865212617,7,
equal_noise_control,standard,Standard scalarized BT,"(0.00,1.00,0.00)",0.6632865311488741,0.019342501948714702,0.10988335369326346,7,
equal_noise_control,standard,Standard scalarized BT,"(0.00,0.00,1.00)",0.6496770209010632,0.019155534482026032,0.10995307556109374,7,
equal_noise_control,standard,Standard scalarized BT,"(0.50,0.50,0.00)",0.6873887700060235,0.012479396694817315,0.08960187821693377,7,
equal_noise_control,standard,Standard scalarized BT,"(0.50,0.00,0.50)",0.6557097182925602,0.011377410418948198,0.0846056406539275,7,
equal_noise_control,standard,Standard scalarized BT,"(0.00,0.50,0.50)",0.669599321493537,0.011337873451721643,0.08484731117987224,7,
equal_noise_control,standard,Standard scalarized BT,"(0.33,0.33,0.33)",0.6792206861502771,0.00838623574699371,0.07342065389026023,7,
equal_noise_control,standard,Standard scalarized BT,"(0.20,0.60,0.20)",0.6718365398755701,0.010579473762426862,0.08237721903415675,7,
equal_noise_control,standard,Standard scalarized BT,"(0.60,0.30,0.10)",0.6761282364773233,0.011561667615773572,0.08570707674123557,7,
equal_noise_control,shared_precision,Shared-precision BT,"(1.00,0.00,0.00)",0.6383909388765459,0.0156538451939926,0.09848465499791444,7,
equal_noise_control,shared_precision,Shared-precision BT,"(0.00,1.00,0.00)",0.6447415536664227,0.014952872395513333,0.09653301087167374,7,
equal_noise_control,shared_precision,Shared-precision BT,"(0.00,0.00,1.00)",0.6347197499916614,0.014572049120692725,0.0957962484855766,7,
equal_noise_control,shared_precision,Shared-precision BT,"(0.50,0.50,0.00)",0.6773560314343027,0.008518570958406456,0.07337635005301324,7,
equal_noise_control,shared_precision,Shared-precision BT,"(0.50,0.00,0.50)",0.6488922714506119,0.008713757599369303,0.07425304089072292,7,
equal_noise_control,shared_precision,Shared-precision BT,"(0.00,0.50,0.50)",0.659983738045331,0.00849691093918409,0.07334739009667032,7,
equal_noise_control,shared_precision,Shared-precision BT,"(0.33,0.33,0.33)",0.6728091315657909,0.006004546058937889,0.06208320917199282,7,
equal_noise_control,shared_precision,Shared-precision BT,"(0.20,0.60,0.20)",0.6649253204804776,0.007598337080325803,0.06938617531815722,7,
equal_noise_control,shared_precision,Shared-precision BT,"(0.60,0.30,0.10)",0.668670479199082,0.00813137808519705,0.07149942394896286,7,
equal_noise_control,pcma_normalized,PCMA-normalized scalarization,"(1.00,0.00,0.00)",0.6543377848280165,0.020332159627983765,0.11214077865212617,7,
equal_noise_control,pcma_normalized,PCMA-normalized scalarization,"(0.00,1.00,0.00)",0.6632865311488741,0.019342501948714702,0.10988335369326346,7,
equal_noise_control,pcma_normalized,PCMA-normalized scalarization,"(0.00,0.00,1.00)",0.6496770209010632,0.019155534482026032,0.10995307556109374,7,
equal_noise_control,pcma_normalized,PCMA-normalized scalarization,"(0.50,0.50,0.00)",0.6873179587890953,0.012539154559586995,0.08978316395763547,7,
equal_noise_control,pcma_normalized,PCMA-normalized scalarization,"(0.50,0.00,0.50)",0.6557393184526426,0.011379002677973014,0.08460250186538228,7,
equal_noise_control,pcma_normalized,PCMA-normalized scalarization,"(0.00,0.50,0.50)",0.6696192772061194,0.011358979182933056,0.08491467154235915,7,
equal_noise_control,pcma_normalized,PCMA-normalized scalarization,"(0.33,0.33,0.33)",0.6793129118226096,0.00839495221312838,0.0734812866422623,7,
equal_noise_control,pcma_normalized,PCMA-normalized scalarization,"(0.20,0.60,0.20)",0.6715225801006851,0.010397227485976265,0.08154025768671323,7,
equal_noise_control,pcma_normalized,PCMA-normalized scalarization,"(0.60,0.30,0.10)",0.6764644060051689,0.011698777380570626,0.08628167835043027,7,
equal_noise_control,confidence_preserving_pcma,Confidence-preserving PCMA,"(1.00,0.00,0.00)",0.6390939651200744,0.01587655620398298,0.09902610187318334,7,
equal_noise_control,confidence_preserving_pcma,Confidence-preserving PCMA,"(0.00,1.00,0.00)",0.6436033742463478,0.014717164681777058,0.09597034179101234,7,
equal_noise_control,confidence_preserving_pcma,Confidence-preserving PCMA,"(0.00,0.00,1.00)",0.6350527166733837,0.014685473080672551,0.0961094444845989,7,
equal_noise_control,confidence_preserving_pcma,Confidence-preserving PCMA,"(0.50,0.50,0.00)",0.6771862970870208,0.008515249987674693,0.0733266820728354,7,
equal_noise_control,confidence_preserving_pcma,Confidence-preserving PCMA,"(0.50,0.00,0.50)",0.6490396183265992,0.008778447562893803,0.07438521752667089,7,
equal_noise_control,confidence_preserving_pcma,Confidence-preserving PCMA,"(0.00,0.50,0.50)",0.6598329917884651,0.008470060410403693,0.07329946623590361,7,
equal_noise_control,confidence_preserving_pcma,Confidence-preserving PCMA,"(0.33,0.33,0.33)",0.6728331634560143,0.0059935936824697155,0.06204682794285492,7,
equal_noise_control,confidence_preserving_pcma,Confidence-preserving PCMA,"(0.20,0.60,0.20)",0.664902277445849,0.007514945663554161,0.0690601758349402,7,
equal_noise_control,confidence_preserving_pcma,Confidence-preserving PCMA,"(0.60,0.30,0.10)",0.6687165289698336,0.008176475397134515,0.07165406232236439,7,
equal_noise_control,oracle,Oracle latent utility,"(1.00,0.00,0.00)",0.6000797352145063,0.0,0.0,7,
equal_noise_control,oracle,Oracle latent utility,"(0.00,1.00,0.00)",0.6128568251287914,0.0,0.0,7,
equal_noise_control,oracle,Oracle latent utility,"(0.00,0.00,1.00)",0.5961632973581102,0.0,0.0,7,
equal_noise_control,oracle,Oracle latent utility,"(0.50,0.50,0.00)",0.6584906122101977,0.0,0.0,7,
equal_noise_control,oracle,Oracle latent utility,"(0.50,0.00,0.50)",0.6336395375015875,0.0,0.0,7,
equal_noise_control,oracle,Oracle latent utility,"(0.00,0.50,0.50)",0.6447259924764965,0.0,0.0,7,
equal_noise_control,oracle,Oracle latent utility,"(0.33,0.33,0.33)",0.6602976246077025,0.0,0.0,7,
equal_noise_control,oracle,Oracle latent utility,"(0.20,0.60,0.20)",0.6457394977199742,0.0,0.0,7,
equal_noise_control,oracle,Oracle latent utility,"(0.60,0.30,0.10)",0.6528067621343069,0.0,0.0,7,
equal_noise_control,standard,Standard scalarized BT,"(1.00,0.00,0.00)",0.6346376182488349,0.01941253858481496,0.1096986439901104,8,
equal_noise_control,standard,Standard scalarized BT,"(0.00,1.00,0.00)",0.6353422168972531,0.019663904930629507,0.11083593351024128,8,
equal_noise_control,standard,Standard scalarized BT,"(0.00,0.00,1.00)",0.6421623181268165,0.019233849344800966,0.1088429391867147,8,
equal_noise_control,standard,Standard scalarized BT,"(0.50,0.50,0.00)",0.6847861804957098,0.012527772975045738,0.09069204885106082,8,
equal_noise_control,standard,Standard scalarized BT,"(0.50,0.00,0.50)",0.6648706992704588,0.010665419083514137,0.08212606351317764,8,
equal_noise_control,standard,Standard scalarized BT,"(0.00,0.50,0.50)",0.6542364350566184,0.011277315804877655,0.08494629848171742,8,
equal_noise_control,standard,Standard scalarized BT,"(0.33,0.33,0.33)",0.6742475861658431,0.008150213649191506,0.07256250503695044,8,
equal_noise_control,standard,Standard scalarized BT,"(0.20,0.60,0.20)",0.6831723572950005,0.010656479038743474,0.0829563811009203,8,
equal_noise_control,standard,Standard scalarized BT,"(0.60,0.30,0.10)",0.6771640796673422,0.011232556976678581,0.08547117257402902,8,
equal_noise_control,shared_precision,Shared-precision BT,"(1.00,0.00,0.00)",0.6244174892340754,0.015618962122788866,0.0980628700268589,8,
equal_noise_control,shared_precision,Shared-precision BT,"(0.00,1.00,0.00)",0.6248973427106407,0.015618115207943487,0.09848250063350933,8,
equal_noise_control,shared_precision,Shared-precision BT,"(0.00,0.00,1.00)",0.6304710579319379,0.015323173514638149,0.09721518221333159,8,
equal_noise_control,shared_precision,Shared-precision BT,"(0.50,0.50,0.00)",0.676359383919551,0.009008501655905592,0.07602575080315473,8,
equal_noise_control,shared_precision,Shared-precision BT,"(0.50,0.00,0.50)",0.6566461234810855,0.008511067126477107,0.07320244582832099,8,
equal_noise_control,shared_precision,Shared-precision BT,"(0.00,0.50,0.50)",0.6485643193471148,0.008718970276552444,0.0743700313613409,8,
equal_noise_control,shared_precision,Shared-precision BT,"(0.33,0.33,0.33)",0.6694100353922533,0.006078837967010681,0.0620156053415433,8,
equal_noise_control,shared_precision,Shared-precision BT,"(0.20,0.60,0.20)",0.6742980620408066,0.007918818949016361,0.07106671153212457,8,
equal_noise_control,shared_precision,Shared-precision BT,"(0.60,0.30,0.10)",0.6700053602017216,0.008291677349358867,0.07300881657003797,8,
equal_noise_control,pcma_normalized,PCMA-normalized scalarization,"(1.00,0.00,0.00)",0.6346376182488349,0.01941253858481496,0.1096986439901104,8,
equal_noise_control,pcma_normalized,PCMA-normalized scalarization,"(0.00,1.00,0.00)",0.6353422168972531,0.019663904930629507,0.11083593351024128,8,
equal_noise_control,pcma_normalized,PCMA-normalized scalarization,"(0.00,0.00,1.00)",0.6421623181268165,0.019233849344800966,0.1088429391867147,8,
equal_noise_control,pcma_normalized,PCMA-normalized scalarization,"(0.50,0.50,0.00)",0.6847877422127876,0.01252791691481108,0.0906935367100623,8,
equal_noise_control,pcma_normalized,PCMA-normalized scalarization,"(0.50,0.00,0.50)",0.6649083430183519,0.010668045806835736,0.08212160920550239,8,
equal_noise_control,pcma_normalized,PCMA-normalized scalarization,"(0.00,0.50,0.50)",0.6542217231586385,0.011274103910452124,0.08493589163423987,8,
equal_noise_control,pcma_normalized,PCMA-normalized scalarization,"(0.33,0.33,0.33)",0.6742609737602352,0.008145766003047703,0.07253917472441793,8,
equal_noise_control,pcma_normalized,PCMA-normalized scalarization,"(0.20,0.60,0.20)",0.6831443533329109,0.010640185852963634,0.08288924865980517,8,
equal_noise_control,pcma_normalized,PCMA-normalized scalarization,"(0.60,0.30,0.10)",0.67713437552793,0.011217147559636336,0.08541674635684363,8,
equal_noise_control,confidence_preserving_pcma,Confidence-preserving PCMA,"(1.00,0.00,0.00)",0.6243591083432464,0.015591261201377073,0.09799171803362824,8,
equal_noise_control,confidence_preserving_pcma,Confidence-preserving PCMA,"(0.00,1.00,0.00)",0.6248562723453902,0.015597466695257406,0.09842587219121324,8,
equal_noise_control,confidence_preserving_pcma,Confidence-preserving PCMA,"(0.00,0.00,1.00)",0.6306254897288054,0.015382741068041647,0.09737212896891287,8,
equal_noise_control,confidence_preserving_pcma,Confidence-preserving PCMA,"(0.50,0.50,0.00)",0.6763072311515572,0.008984378540589406,0.07591853918579136,8,
equal_noise_control,confidence_preserving_pcma,Confidence-preserving PCMA,"(0.50,0.00,0.50)",0.6567040863891379,0.008519324236256,0.07323406604970714,8,
equal_noise_control,confidence_preserving_pcma,Confidence-preserving PCMA,"(0.00,0.50,0.50)",0.6485713757494823,0.00872773588829324,0.07440377388616726,8,
equal_noise_control,confidence_preserving_pcma,Confidence-preserving PCMA,"(0.33,0.33,0.33)",0.6694137392332231,0.006073033412689798,0.06198374274211305,8,
equal_noise_control,confidence_preserving_pcma,Confidence-preserving PCMA,"(0.20,0.60,0.20)",0.674269792319215,0.00790407043093968,0.07100211357281905,8,
equal_noise_control,confidence_preserving_pcma,Confidence-preserving PCMA,"(0.60,0.30,0.10)",0.6699639243733294,0.008269843575821082,0.07291367079651498,8,
equal_noise_control,oracle,Oracle latent utility,"(1.00,0.00,0.00)",0.5947118534037636,0.0,0.0,8,
equal_noise_control,oracle,Oracle latent utility,"(0.00,1.00,0.00)",0.5882100688635967,0.0,0.0,8,
equal_noise_control,oracle,Oracle latent utility,"(0.00,0.00,1.00)",0.6033801593766941,0.0,0.0,8,
equal_noise_control,oracle,Oracle latent utility,"(0.50,0.50,0.00)",0.6582473414649148,0.0,0.0,8,
equal_noise_control,oracle,Oracle latent utility,"(0.50,0.00,0.50)",0.6340824303760799,0.0,0.0,8,
equal_noise_control,oracle,Oracle latent utility,"(0.00,0.50,0.50)",0.6302678573079253,0.0,0.0,8,
equal_noise_control,oracle,Oracle latent utility,"(0.33,0.33,0.33)",0.6592241357051211,0.0,0.0,8,
equal_noise_control,oracle,Oracle latent utility,"(0.20,0.60,0.20)",0.6542975528360454,0.0,0.0,8,
equal_noise_control,oracle,Oracle latent utility,"(0.60,0.30,0.10)",0.6507024075194239,0.0,0.0,8,
equal_noise_control,standard,Standard scalarized BT,"(1.00,0.00,0.00)",0.6402318670149053,0.01969505093951709,0.11027408793940217,9,
equal_noise_control,standard,Standard scalarized BT,"(0.00,1.00,0.00)",0.6461323935646615,0.019460145318458254,0.11008121388563998,9,
equal_noise_control,standard,Standard scalarized BT,"(0.00,0.00,1.00)",0.6548961401445588,0.01970738599869009,0.11129061593777105,9,
equal_noise_control,standard,Standard scalarized BT,"(0.50,0.50,0.00)",0.6849814311336848,0.012356322663269895,0.08913428543722528,9,
equal_noise_control,standard,Standard scalarized BT,"(0.50,0.00,0.50)",0.6477048967137826,0.011483481747247063,0.08485883605569586,9,
equal_noise_control,standard,Standard scalarized BT,"(0.00,0.50,0.50)",0.6615501426038511,0.011425264745634224,0.08531006027870093,9,
equal_noise_control,standard,Standard scalarized BT,"(0.33,0.33,0.33)",0.6728325703971249,0.008458560936109284,0.07356560637622402,9,
equal_noise_control,standard,Standard scalarized BT,"(0.20,0.60,0.20)",0.6691266447246611,0.01067764653870539,0.08281127729954924,9,
equal_noise_control,standard,Standard scalarized BT,"(0.60,0.30,0.10)",0.6765895369236641,0.011288432503143675,0.08462417166093897,9,
equal_noise_control,shared_precision,Shared-precision BT,"(1.00,0.00,0.00)",0.6290530856505928,0.015806253573255633,0.09883278901239496,9,
equal_noise_control,shared_precision,Shared-precision BT,"(0.00,1.00,0.00)",0.6333902901725799,0.015560801366205045,0.09817702364459532,9,
equal_noise_control,shared_precision,Shared-precision BT,"(0.00,0.00,1.00)",0.6401601550446541,0.015741305453463923,0.09947596679252442,9,
equal_noise_control,shared_precision,Shared-precision BT,"(0.50,0.50,0.00)",0.6766576190234506,0.009023389960582134,0.07581499063172423,9,
equal_noise_control,shared_precision,Shared-precision BT,"(0.50,0.00,0.50)",0.6428848488528852,0.009107110437138457,0.07563631584521442,9,
equal_noise_control,shared_precision,Shared-precision BT,"(0.00,0.50,0.50)",0.6542646056426432,0.008950682093394955,0.07514458761917675,9,
equal_noise_control,shared_precision,Shared-precision BT,"(0.33,0.33,0.33)",0.6681941505660947,0.006375303830329202,0.06359799493850432,9,
equal_noise_control,shared_precision,Shared-precision BT,"(0.20,0.60,0.20)",0.6631885948485504,0.008048933085607718,0.07166044831165919,9,
equal_noise_control,shared_precision,Shared-precision BT,"(0.60,0.30,0.10)",0.6697493633027812,0.008437299177063108,0.07285642997967808,9,
equal_noise_control,pcma_normalized,PCMA-normalized scalarization,"(1.00,0.00,0.00)",0.6402318670149053,0.01969505093951709,0.11027408793940217,9,
equal_noise_control,pcma_normalized,PCMA-normalized scalarization,"(0.00,1.00,0.00)",0.6461323935646615,0.019460145318458254,0.11008121388563998,9,
equal_noise_control,pcma_normalized,PCMA-normalized scalarization,"(0.00,0.00,1.00)",0.6548961401445588,0.01970738599869009,0.11129061593777105,9,
equal_noise_control,pcma_normalized,PCMA-normalized scalarization,"(0.50,0.50,0.00)",0.6853737579034517,0.01257015448770201,0.08996989392679978,9,
equal_noise_control,pcma_normalized,PCMA-normalized scalarization,"(0.50,0.00,0.50)",0.6476319006201573,0.011484957883951988,0.08488071131459113,9,
equal_noise_control,pcma_normalized,PCMA-normalized scalarization,"(0.00,0.50,0.50)",0.6618656116750399,0.01148228164581485,0.08542606078771058,9,
equal_noise_control,pcma_normalized,PCMA-normalized scalarization,"(0.33,0.33,0.33)",0.6726142186393422,0.008567153495644,0.07400077845616168,9,
equal_noise_control,pcma_normalized,PCMA-normalized scalarization,"(0.20,0.60,0.20)",0.6703377421113275,0.011112441037265402,0.08452474512316124,9,
equal_noise_control,pcma_normalized,PCMA-normalized scalarization,"(0.60,0.30,0.10)",0.6767353026932619,0.011230224985669215,0.08425744083891061,9,
equal_noise_control,confidence_preserving_pcma,Confidence-preserving PCMA,"(1.00,0.00,0.00)",0.6281658372961807,0.015419684436935187,0.09787385072495622,9,
equal_noise_control,confidence_preserving_pcma,Confidence-preserving PCMA,"(0.00,1.00,0.00)",0.6359465505873141,0.01640366094918403,0.10052947049631185,9,
equal_noise_control,confidence_preserving_pcma,Confidence-preserving PCMA,"(0.00,0.00,1.00)",0.6393520263748221,0.015518833172303938,0.09889302655091876,9,
equal_noise_control,confidence_preserving_pcma,Confidence-preserving PCMA,"(0.50,0.50,0.00)",0.6772272946275487,0.00931377817563232,0.07704181922564322,9,
equal_noise_control,confidence_preserving_pcma,Confidence-preserving PCMA,"(0.50,0.00,0.50)",0.6427089504354581,0.00897069528437807,0.07529791383705861,9,
equal_noise_control,confidence_preserving_pcma,Confidence-preserving PCMA,"(0.00,0.50,0.50)",0.6548983860157743,0.009130723385823792,0.0757775813256754,9,
equal_noise_control,confidence_preserving_pcma,Confidence-preserving PCMA,"(0.33,0.33,0.33)",0.6680809776750766,0.006486982602964474,0.06429234070973375,9,
equal_noise_control,confidence_preserving_pcma,Confidence-preserving PCMA,"(0.20,0.60,0.20)",0.6641015213058512,0.008458793984274087,0.07332244551952413,9,
equal_noise_control,confidence_preserving_pcma,Confidence-preserving PCMA,"(0.60,0.30,0.10)",0.6701528342954493,0.008485309347349456,0.07322118543388424,9,
equal_noise_control,oracle,Oracle latent utility,"(1.00,0.00,0.00)",0.5927418166196571,0.0,0.0,9,
equal_noise_control,oracle,Oracle latent utility,"(0.00,1.00,0.00)",0.6038998176203102,0.0,0.0,9,
equal_noise_control,oracle,Oracle latent utility,"(0.00,0.00,1.00)",0.6020700183896504,0.0,0.0,9,
equal_noise_control,oracle,Oracle latent utility,"(0.50,0.50,0.00)",0.6583853927241625,0.0,0.0,9,
equal_noise_control,oracle,Oracle latent utility,"(0.50,0.00,0.50)",0.6261323799387939,0.0,0.0,9,
equal_noise_control,oracle,Oracle latent utility,"(0.00,0.50,0.50)",0.6358300323986495,0.0,0.0,9,
equal_noise_control,oracle,Oracle latent utility,"(0.33,0.33,0.33)",0.6600018101466993,0.0,0.0,9,
equal_noise_control,oracle,Oracle latent utility,"(0.20,0.60,0.20)",0.6462770603799077,0.0,0.0,9,
equal_noise_control,oracle,Oracle latent utility,"(0.60,0.30,0.10)",0.6512642595891055,0.0,0.0,9,
